w	worker	slice	seq	row	word	verdicts	sweep_s	first_in_list	rc	diverged	platform	tree	wall_s	post_s	banked	manifest_pins	cost_i9_s	reserved
4	i9-13900K (sweeper)	2	1	strings	PASS	69	63	1	0	0	windows/amd64	c6fdbe73c38d230d2d1f4cb53b17459d632f63d7	64	0	yes	4	43	0
4	i9-13900K (sweeper)	2	2	go/ast	PASS	9	19	1	0	0	windows/amd64	c6fdbe73c38d230d2d1f4cb53b17459d632f63d7	20	0	yes	0	42	0
4	i9-13900K (sweeper)	2	3	image/gif	PASS	28	20	1	0	0	windows/amd64	c6fdbe73c38d230d2d1f4cb53b17459d632f63d7	20	0	yes	0	40	0
4	i9-13900K (sweeper)	2	4	crypto/internal/sysrand	PASS	6	22	1	0	0	windows/amd64	c6fdbe73c38d230d2d1f4cb53b17459d632f63d7	22	0	yes	0	38	0
4	i9-13900K (sweeper)	2	5	debug/pe	PASS	10	23	1	0	0	windows/amd64	c6fdbe73c38d230d2d1f4cb53b17459d632f63d7	23	0	yes	0	37	0
4	i9-13900K (sweeper)	2	6	flag	PASS	24	29	1	0	0	windows/amd64	c6fdbe73c38d230d2d1f4cb53b17459d632f63d7	29	0	yes	0	36	0
4	i9-13900K (sweeper)	2	7	internal/reflectlite	PASS	30	16	1	0	0	windows/amd64	c6fdbe73c38d230d2d1f4cb53b17459d632f63d7	17	0	yes	0	36	0
4	i9-13900K (sweeper)	2	8	image/draw	PASS	9	14	1	0	0	windows/amd64	c6fdbe73c38d230d2d1f4cb53b17459d632f63d7	14	0	yes	0	35	0
4	i9-13900K (sweeper)	2	9	crypto/internal/fips140/rsa	PASS	123	17	1	0	0	windows/amd64	c6fdbe73c38d230d2d1f4cb53b17459d632f63d7	17	0	yes	0	34	0
4	i9-13900K (sweeper)	2	10	crypto/md5	PASS	11	17	1	0	0	windows/amd64	c6fdbe73c38d230d2d1f4cb53b17459d632f63d7	17	0	yes	1	34	0
4	i9-13900K (sweeper)	2	11	go/internal/srcimporter	PASS	7	32	1	0	0	windows/amd64	c6fdbe73c38d230d2d1f4cb53b17459d632f63d7	33	0	yes	0	34	0
4	i9-13900K (sweeper)	2	12	log/slog/internal/benchmarks	PASS	3	14	1	0	0	windows/amd64	c6fdbe73c38d230d2d1f4cb53b17459d632f63d7	15	0	yes	0	33	0
4	i9-13900K (sweeper)	2	13	mime/quotedprintable	PASS	5	13	1	0	0	windows/amd64	c6fdbe73c38d230d2d1f4cb53b17459d632f63d7	13	0	yes	0	33	0
4	i9-13900K (sweeper)	2	14	internal/xcoff	PASS	3	13	1	0	0	windows/amd64	c6fdbe73c38d230d2d1f4cb53b17459d632f63d7	13	0	yes	0	32	0
4	i9-13900K (sweeper)	2	15	os/signal	PASS	1	16	1	0	0	windows/amd64	c6fdbe73c38d230d2d1f4cb53b17459d632f63d7	16	0	yes	3	32	0
4	i9-13900K (sweeper)	2	16	crypto/hmac	PASS	172	15	1	0	0	windows/amd64	c6fdbe73c38d230d2d1f4cb53b17459d632f63d7	15	0	yes	0	31	0
4	i9-13900K (sweeper)	2	17	log/slog/internal/buffer	PASS	1	12	1	0	0	windows/amd64	c6fdbe73c38d230d2d1f4cb53b17459d632f63d7	12	0	yes	1	31	0
4	i9-13900K (sweeper)	2	18	math/cmplx	PASS	24	12	1	0	0	windows/amd64	c6fdbe73c38d230d2d1f4cb53b17459d632f63d7	12	0	yes	0	31	0
4	i9-13900K (sweeper)	2	19	crypto/internal/fips140/ecdh	PASS	1	16	1	0	0	windows/amd64	c6fdbe73c38d230d2d1f4cb53b17459d632f63d7	16	0	yes	0	30	0
4	i9-13900K (sweeper)	2	20	debug/dwarf	PASS	40	19	1	0	0	windows/amd64	c6fdbe73c38d230d2d1f4cb53b17459d632f63d7	19	0	yes	0	30	0
4	i9-13900K (sweeper)	2	21	go/internal/gccgoimporter	PASS	4	16	1	0	0	windows/amd64	c6fdbe73c38d230d2d1f4cb53b17459d632f63d7	16	0	yes	0	30	0
4	i9-13900K (sweeper)	2	22	runtime/metrics	PASS	2	14	1	0	0	windows/amd64	c6fdbe73c38d230d2d1f4cb53b17459d632f63d7	14	0	yes	0	30	0
4	i9-13900K (sweeper)	2	23	bytes	PASS	83	17	1	0	0	windows/amd64	c6fdbe73c38d230d2d1f4cb53b17459d632f63d7	17	0	yes	6	29	0
4	i9-13900K (sweeper)	2	24	crypto/internal/hpke	PASS	19	16	1	0	0	windows/amd64	c6fdbe73c38d230d2d1f4cb53b17459d632f63d7	16	0	yes	0	29	0
4	i9-13900K (sweeper)	2	25	internal/sync	PASS	106	20	1	0	0	windows/amd64	c6fdbe73c38d230d2d1f4cb53b17459d632f63d7	20	0	yes	0	29	0
4	i9-13900K (sweeper)	2	26	net/textproto	PASS	26	14	1	0	0	windows/amd64	c6fdbe73c38d230d2d1f4cb53b17459d632f63d7	14	0	yes	0	29	0
4	i9-13900K (sweeper)	2	27	path/filepath	PASS	61	19	1	0	0	windows/amd64	c6fdbe73c38d230d2d1f4cb53b17459d632f63d7	19	0	yes	0	29	0
4	i9-13900K (sweeper)	2	28	encoding/base32	PASS	26	14	1	0	0	windows/amd64	c6fdbe73c38d230d2d1f4cb53b17459d632f63d7	15	0	yes	0	28	0
4	i9-13900K (sweeper)	2	29	go/ast/internal/tests	PASS	3	14	1	0	0	windows/amd64	c6fdbe73c38d230d2d1f4cb53b17459d632f63d7	14	0	yes	0	28	0
4	i9-13900K (sweeper)	2	30	internal/coverage/slicereader	PASS	1	14	1	0	0	windows/amd64	c6fdbe73c38d230d2d1f4cb53b17459d632f63d7	14	0	yes	0	28	0
4	i9-13900K (sweeper)	2	31	io	PASS	60	16	1	0	0	windows/amd64	c6fdbe73c38d230d2d1f4cb53b17459d632f63d7	16	0	yes	1	28	0
4	i9-13900K (sweeper)	2	32	crypto/elliptic	PASS	82	15	1	0	0	windows/amd64	c6fdbe73c38d230d2d1f4cb53b17459d632f63d7	16	0	yes	0	27	0
4	i9-13900K (sweeper)	2	33	debug/macho	PASS	7	15	1	0	0	windows/amd64	c6fdbe73c38d230d2d1f4cb53b17459d632f63d7	16	0	yes	0	27	0
4	i9-13900K (sweeper)	2	34	hash/adler32	PASS	2	14	1	0	0	windows/amd64	c6fdbe73c38d230d2d1f4cb53b17459d632f63d7	14	0	yes	0	27	0
4	i9-13900K (sweeper)	2	35	internal/coverage/test	PASS	6	14	1	0	0	windows/amd64	c6fdbe73c38d230d2d1f4cb53b17459d632f63d7	14	0	yes	0	27	0
4	i9-13900K (sweeper)	2	36	internal/dag	PASS	6	12	1	0	0	windows/amd64	c6fdbe73c38d230d2d1f4cb53b17459d632f63d7	13	0	yes	0	27	0
4	i9-13900K (sweeper)	2	37	testing/slogtest	PASS	17	13	1	0	0	windows/amd64	c6fdbe73c38d230d2d1f4cb53b17459d632f63d7	13	0	yes	0	27	0
4	i9-13900K (sweeper)	2	38	container/list	PASS	10	12	1	0	0	windows/amd64	c6fdbe73c38d230d2d1f4cb53b17459d632f63d7	12	0	yes	0	26	0
4	i9-13900K (sweeper)	2	39	crypto/sha1	PASS	12	16	1	0	0	windows/amd64	c6fdbe73c38d230d2d1f4cb53b17459d632f63d7	17	0	yes	1	26	0
4	i9-13900K (sweeper)	2	40	hash/crc32	PASS	10	12	1	0	0	windows/amd64	c6fdbe73c38d230d2d1f4cb53b17459d632f63d7	13	0	yes	0	26	0
4	i9-13900K (sweeper)	2	41	hash/fnv	PASS	19	12	1	0	0	windows/amd64	c6fdbe73c38d230d2d1f4cb53b17459d632f63d7	13	0	yes	0	26	0
4	i9-13900K (sweeper)	2	42	iter	PASS	28	12	1	0	0	windows/amd64	c6fdbe73c38d230d2d1f4cb53b17459d632f63d7	12	0	yes	0	26	0
4	i9-13900K (sweeper)	2	43	bufio	PASS	80	15	1	0	0	windows/amd64	c6fdbe73c38d230d2d1f4cb53b17459d632f63d7	15	0	yes	1	25	0
4	i9-13900K (sweeper)	2	44	crypto/sha256	PASS	22	15	1	0	0	windows/amd64	c6fdbe73c38d230d2d1f4cb53b17459d632f63d7	15	0	yes	1	25	0
4	i9-13900K (sweeper)	2	45	debug/gosym	PASS	10	15	1	0	0	windows/amd64	c6fdbe73c38d230d2d1f4cb53b17459d632f63d7	16	0	yes	1	25	0
4	i9-13900K (sweeper)	2	46	image/jpeg	PASS	14	17	1	0	0	windows/amd64	c6fdbe73c38d230d2d1f4cb53b17459d632f63d7	17	0	yes	0	25	0
4	i9-13900K (sweeper)	2	47	internal/abi	PASS	1	17	1	0	0	windows/amd64	c6fdbe73c38d230d2d1f4cb53b17459d632f63d7	17	0	yes	1	25	0
4	i9-13900K (sweeper)	2	48	slices	PASS	120	15	1	0	0	windows/amd64	c6fdbe73c38d230d2d1f4cb53b17459d632f63d7	15	0	yes	3	25	0
4	i9-13900K (sweeper)	2	49	unicode	PASS	28	12	1	0	0	windows/amd64	c6fdbe73c38d230d2d1f4cb53b17459d632f63d7	13	0	yes	0	25	0
4	i9-13900K (sweeper)	2	50	container/ring	PASS	8	11	1	0	0	windows/amd64	c6fdbe73c38d230d2d1f4cb53b17459d632f63d7	11	0	yes	0	24	0
4	i9-13900K (sweeper)	2	51	os/exec/internal/fdtest	PASS	1	13	1	0	0	windows/amd64	c6fdbe73c38d230d2d1f4cb53b17459d632f63d7	13	0	yes	0	24	0
4	i9-13900K (sweeper)	2	52	compress/lzw	PASS	17	13	1	0	0	windows/amd64	c6fdbe73c38d230d2d1f4cb53b17459d632f63d7	13	0	yes	0	23	0
4	i9-13900K (sweeper)	2	53	encoding/pem	PASS	18	15	1	0	0	windows/amd64	c6fdbe73c38d230d2d1f4cb53b17459d632f63d7	15	0	yes	0	23	0
4	i9-13900K (sweeper)	2	54	go/doc/comment	PASS	10059	18	1	0	0	windows/amd64	c6fdbe73c38d230d2d1f4cb53b17459d632f63d7	19	1	yes	0	23	1
4	i9-13900K (sweeper)	2	55	hash/maphash	DIVERGED	59	139	1	1	36	windows/amd64	c6fdbe73c38d230d2d1f4cb53b17459d632f63d7	140	0	yes	0	23	1
4	i9-13900K (sweeper)	2	56	mime	PASS	17	14	1	0	0	windows/amd64	c6fdbe73c38d230d2d1f4cb53b17459d632f63d7	14	0	yes	1	23	0
4	i9-13900K (sweeper)	2	57	cmp	PASS	4	11	1	0	0	windows/amd64	c6fdbe73c38d230d2d1f4cb53b17459d632f63d7	11	0	yes	0	22	0
4	i9-13900K (sweeper)	2	58	container/heap	PASS	7	12	1	0	0	windows/amd64	c6fdbe73c38d230d2d1f4cb53b17459d632f63d7	12	0	yes	0	22	0
4	i9-13900K (sweeper)	2	59	internal/cpu	PASS	8	14	1	0	0	windows/amd64	c6fdbe73c38d230d2d1f4cb53b17459d632f63d7	15	0	yes	2	22	0
4	i9-13900K (sweeper)	2	60	internal/runtime/sys	PASS	4	12	1	0	0	windows/amd64	c6fdbe73c38d230d2d1f4cb53b17459d632f63d7	12	0	yes	0	22	0
4	i9-13900K (sweeper)	2	61	net/http/internal	PASS	14	13	1	0	0	windows/amd64	c6fdbe73c38d230d2d1f4cb53b17459d632f63d7	14	0	yes	1	22	0
4	i9-13900K (sweeper)	2	62	errors	PASS	61	13	1	0	0	windows/amd64	c6fdbe73c38d230d2d1f4cb53b17459d632f63d7	13	0	yes	0	21	0
4	i9-13900K (sweeper)	2	63	html	PASS	3	12	1	0	0	windows/amd64	c6fdbe73c38d230d2d1f4cb53b17459d632f63d7	13	0	yes	0	21	0
4	i9-13900K (sweeper)	2	64	log	PASS	8	14	1	0	0	windows/amd64	c6fdbe73c38d230d2d1f4cb53b17459d632f63d7	14	0	yes	1	21	0
4	i9-13900K (sweeper)	2	65	runtime/internal/wasitest	PASS	1	13	1	0	0	windows/amd64	c6fdbe73c38d230d2d1f4cb53b17459d632f63d7	13	0	yes	0	21	0
4	i9-13900K (sweeper)	2	66	weak	PASS	6	13	1	0	0	windows/amd64	c6fdbe73c38d230d2d1f4cb53b17459d632f63d7	14	0	yes	0	21	0
4	i9-13900K (sweeper)	2	67	encoding/base64	PASS	17	13	1	0	0	windows/amd64	c6fdbe73c38d230d2d1f4cb53b17459d632f63d7	14	0	yes	0	20	0
4	i9-13900K (sweeper)	2	68	internal/itoa	PASS	3	13	1	0	0	windows/amd64	c6fdbe73c38d230d2d1f4cb53b17459d632f63d7	13	0	yes	0	20	0
4	i9-13900K (sweeper)	2	69	path	PASS	9	12	1	0	0	windows/amd64	c6fdbe73c38d230d2d1f4cb53b17459d632f63d7	12	0	yes	0	20	0
4	i9-13900K (sweeper)	2	70	unique	PASS	21	13	1	0	0	windows/amd64	c6fdbe73c38d230d2d1f4cb53b17459d632f63d7	13	0	yes	1	20	0
4	i9-13900K (sweeper)	2	71	internal/gover	PASS	5	12	1	0	0	windows/amd64	c6fdbe73c38d230d2d1f4cb53b17459d632f63d7	12	0	yes	0	19	0
4	i9-13900K (sweeper)	2	72	maps	PASS	14	13	1	0	0	windows/amd64	c6fdbe73c38d230d2d1f4cb53b17459d632f63d7	14	0	yes	0	19	0
4	i9-13900K (sweeper)	2	73	internal/syscall/windows/registry	PASS	6	14	1	0	0	windows/amd64	c6fdbe73c38d230d2d1f4cb53b17459d632f63d7	14	0	yes	0	15	0
4	i9-13900K (sweeper)	2	74	crypto/internal/fips140/mlkem	PASS	10	15	1	0	0	windows/amd64	c6fdbe73c38d230d2d1f4cb53b17459d632f63d7	15	0	yes	0	13	1
4	i9-13900K (sweeper)	2	75	crypto/mlkem	PASS	8	26	1	0	0	windows/amd64	c6fdbe73c38d230d2d1f4cb53b17459d632f63d7	27	0	yes	0	13	1
4	i9-13900K (sweeper)	2	76	time	BUILD	NOMATCH	138	1	1	n/a	windows/amd64	c6fdbe73c38d230d2d1f4cb53b17459d632f63d7	139	0	no	0	2	1
