pkg	shown	cls	platforms	exists	existed123	win	sig	sig124	sig123	moved	evidence	verdict
bufio	TestReadStringAllocs	alloc-profile	-	wld	True	pass/fail*	RUN	exact	exact			LIVE
bytes	TestGrow	alloc-profile	-	wld	True	pass/fail*	RUN	exact	exact			LIVE
bytes	TestIndex	alloc-profile	-	wld	True	pass/fail*	RUN	exact	exact			LIVE
bytes	TestIndexRune	alloc-profile	-	wld	True	pass/fail*	RUN	exact	exact			LIVE
bytes	TestLastIndex	alloc-profile	-	wld	True	pass/fail*	RUN	exact	exact			LIVE
bytes	TestNewBufferShallow	alloc-profile	-	wld	True	pass/fail*	RUN	exact	exact			LIVE
bytes	TestWriteAppend	alloc-profile	-	wld	True	pass/fail*	RUN	exact	exact			LIVE
context	TestAllocs	alloc-count-semantics	-	wld	True	pass/fail*	RUN	exact	exact			LIVE
crypto/cipher	TestGCMAsm	platform-skip	-	wld	True	pass/pass	SRC	exact	exact			ORPHAN-windows
crypto/ed25519	TestAllocations	alloc-profile	-	wld	True	pass/fail*	RUN	exact	exact			LIVE
crypto/internal/fips140test	TestEdwards25519Allocations	alloc-profile	-	wld	False	pass/fail*	RUN	exact	no			LIVE
crypto/internal/fips140test	TestNISTECAllocations/P224	alloc-profile	-	wld	False	pass/fail*	RUN	exact	no			LIVE
crypto/internal/fips140test	TestNISTECAllocations/P256	alloc-profile	-	wld	False	pass/fail*	RUN	exact	no			LIVE
crypto/internal/fips140test	TestNISTECAllocations/P384	alloc-profile	-	wld	False	pass/fail*	RUN	exact	no			LIVE
crypto/internal/fips140test	TestNISTECAllocations/P521	alloc-profile	-	wld	False	pass/fail*	RUN	exact	no			LIVE
crypto/internal/fips140test	TestXAESAllocations	alloc-profile	-	wld	False	pass/fail*	RUN	exact	no			LIVE
crypto/md5	TestAllocations	alloc-profile	-	wld	True	pass/fail*	RUN	exact	exact			LIVE
crypto/rand	TestAllocations	deferred	-	wld	False	pass/fail*	RUN	exact	no			LIVE
crypto/rsa	TestAllocations	alloc-profile	-	wld	True	pass/fail*	RUN	exact	exact			LIVE
crypto/sha1	TestAllocations	alloc-profile	-	wld	True	pass/fail*	RUN	exact	exact			LIVE
crypto/sha256	TestAllocations	alloc-profile	-	wld	True	pass/fail*	RUN	exact	exact			LIVE
crypto/sha3	TestAllocations/New	deferred	-	wld	False	pass/fail*	RUN	exact	no			LIVE
crypto/sha3	TestAllocations/NewSHAKE	deferred	-	wld	False	pass/fail*	RUN	exact	no			LIVE
crypto/sha3	TestAllocations/Sum	deferred	-	wld	False	pass/fail*	RUN	exact	no			LIVE
crypto/sha3	TestAllocations/SumSHAKE	deferred	-	wld	False	pass/fail*	RUN	exact	no			LIVE
crypto/sha512	TestAllocations	alloc-profile	-	wld	True	pass/fail*	RUN	exact	exact			LIVE
crypto/tls	TestCertCache	codegen-liveness	-	wld	True	pass/fail*	RUN	exact	exact			LIVE
crypto/tls	TestBogoSuite	host-limit	-	wld	True	pass/pass	UNSEEN	no	no			ORPHAN-windows
database/sql	TestGrabConnAllocs	alloc-profile	-	wld	True	pass/fail*	RUN	exact	exact			LIVE
database/sql	TestRawBytesAllocs	alloc-profile	-	wld	True	pass/fail*	RUN	exact	exact			LIVE
debug/gosym	TestSymVersion	platform-skip	-	wld	True	skip/skip	SRC	exact	exact			LIVE
encoding/binary	TestAppendAllocs	alloc-profile	-	wld	True	pass/fail*	RUN	exact	exact			LIVE
encoding/binary	TestSizeAllocs/complex64	alloc-profile	-	wld	True	pass/pass	SRC	exact	exact			ORPHAN-windows
encoding/binary	TestSizeAllocs/complex128	alloc-profile	-	wld	True	pass/pass	SRC	exact	exact			ORPHAN-windows
encoding/binary	TestSizeAllocs/binary.Struct	alloc-profile	-	wld	True	pass/pass	SRC	exact	exact			ORPHAN-windows
encoding/binary	TestSizeAllocs/*binary.Struct	alloc-profile	-	wld	True	pass/fail*	RUN	exact	exact			LIVE
encoding/binary	TestSizeAllocs/[]binary.Struct	alloc-profile	-	wld	True	pass/fail*	RUN	exact	exact			LIVE
encoding/binary	TestSizeAllocs/[]binary.Struct#01	alloc-profile	-	wld	True	pass/fail*	RUN	exact	exact			LIVE
encoding/binary	TestSizeAllocs/[1]binary.Struct	alloc-profile	-	wld	True	pass/fail*	RUN	exact	exact			LIVE
go/build	TestLocalDirectory	host-identity	-	wld	True	pass/fail*	RUN	no	no			LIVE
internal/abi	TestFuncPC	runtime-capability	-	wld	True	pass/fail*	RUN	no	no			LIVE
internal/coverage/cfile	TestIssue59563TruncatedCoverPkgAll	host-identity	-	wld	True	pass/fail*	RUN	chunks	chunks			LIVE
internal/cpu	TestDisableAllCapabilities	platform-skip	-	wld	True	skip/skip	SRC	exact	exact			LIVE
internal/cpu	TestDisableSSE3	platform-skip	-	wld	True	skip/skip	SRC	exact	exact			LIVE
internal/poll	TestSplicePipePool	codegen-liveness	-	.l.	True	not-on-page	SRC	exact	exact			ORPHAN-windows+darwin
internal/runtime/maps	TestMapDelete	runtime-capability	-	wld	False	pass/fail*	RUN	no	no			LIVE
internal/runtime/maps	TestMapDeleteClear	runtime-capability	-	wld	False	pass/fail*	RUN	no	no			LIVE
internal/runtime/maps	TestMapIndirect	runtime-capability	-	wld	False	pass/fail*	RUN	no	no			LIVE
internal/runtime/maps	TestMapPut	runtime-capability	-	wld	False	pass/fail*	RUN	no	no			LIVE
internal/runtime/maps	TestMapSplit	runtime-capability	-	wld	False	pass/fail*	RUN	no	no			LIVE
internal/runtime/maps	TestMapZeroSizeSlot	runtime-capability	-	wld	False	pass/fail*	RUN	no	no			LIVE
internal/runtime/maps	TestTableClear	runtime-capability	-	wld	False	pass/fail*	RUN	no	no			LIVE
internal/runtime/maps	TestTableIteration	runtime-capability	-	wld	False	pass/fail*	RUN	no	no			LIVE
internal/runtime/maps	TestTableIterationDelete	runtime-capability	-	wld	False	pass/fail*	RUN	no	no			LIVE
internal/runtime/maps	TestTableIterationGrowDelete	runtime-capability	-	wld	False	pass/fail*	RUN	no	no			LIVE
internal/runtime/maps	TestTableIterationGrowDuplicate/grow	runtime-capability	-	wld	False	pass/fail*	RUN	no	no			LIVE
internal/runtime/maps	TestTableIterationGrowDuplicate/split	runtime-capability	-	wld	False	pass/fail*	RUN	no	no			LIVE
internal/runtime/maps	TestTableKeyUpdate	runtime-capability	-	wld	False	pass/fail*	RUN	no	no			LIVE
internal/runtime/maps	TestTablePutDelete	runtime-capability	-	wld	False	pass/fail*	RUN	no	no			LIVE
internal/runtime/maps	TestTableGroupCount/makemap/n=-1/escape	runtime-capability	-	wld	False	pass/fail*	RUN	no	no			LIVE
internal/runtime/maps	TestTableGroupCount/makemap/n=-1073741824/escape	runtime-capability	-	wld	False	pass/fail*	RUN	no	no			LIVE
internal/runtime/maps	TestTableGroupCount/makemap/n=0/escape	runtime-capability	-	wld	False	pass/fail*	RUN	no	no			LIVE
internal/runtime/maps	TestTableGroupCount/makemap/n=1/escape	runtime-capability	-	wld	False	pass/fail*	RUN	no	no			LIVE
internal/runtime/maps	TestTableGroupCount/makemap/n=12/escape	runtime-capability	-	wld	False	pass/fail*	RUN	no	no			LIVE
internal/runtime/maps	TestTableGroupCount/makemap/n=14/escape	runtime-capability	-	wld	False	pass/fail*	RUN	no	no			LIVE
internal/runtime/maps	TestTableGroupCount/makemap/n=15/escape	runtime-capability	-	wld	False	pass/fail*	RUN	no	no			LIVE
internal/runtime/maps	TestTableGroupCount/makemap/n=24/escape	runtime-capability	-	wld	False	pass/fail*	RUN	no	no			LIVE
internal/runtime/maps	TestTableGroupCount/makemap/n=29/escape	runtime-capability	-	wld	False	pass/fail*	RUN	no	no			LIVE
internal/runtime/maps	TestTableGroupCount/makemap/n=8/escape	runtime-capability	-	wld	False	pass/fail*	RUN	no	no			LIVE
internal/runtime/maps	TestTableGroupCount/makemap/n=9/escape	runtime-capability	-	wld	False	pass/fail*	RUN	no	no			LIVE
internal/runtime/maps	TestTableGroupCount/makemap64/n=-1/escape	runtime-capability	-	wld	False	pass/fail*	RUN	no	no			LIVE
internal/runtime/maps	TestTableGroupCount/makemap64/n=-1073741824/escape	runtime-capability	-	wld	False	pass/fail*	RUN	no	no			LIVE
internal/runtime/maps	TestTableGroupCount/makemap64/n=0/escape	runtime-capability	-	wld	False	pass/fail*	RUN	no	no			LIVE
internal/runtime/maps	TestTableGroupCount/makemap64/n=1/escape	runtime-capability	-	wld	False	pass/fail*	RUN	no	no			LIVE
internal/runtime/maps	TestTableGroupCount/makemap64/n=12/escape	runtime-capability	-	wld	False	pass/fail*	RUN	no	no			LIVE
internal/runtime/maps	TestTableGroupCount/makemap64/n=14/escape	runtime-capability	-	wld	False	pass/fail*	RUN	no	no			LIVE
internal/runtime/maps	TestTableGroupCount/makemap64/n=15/escape	runtime-capability	-	wld	False	pass/fail*	RUN	no	no			LIVE
internal/runtime/maps	TestTableGroupCount/makemap64/n=24/escape	runtime-capability	-	wld	False	pass/fail*	RUN	no	no			LIVE
internal/runtime/maps	TestTableGroupCount/makemap64/n=29/escape	runtime-capability	-	wld	False	pass/fail*	RUN	no	no			LIVE
internal/runtime/maps	TestTableGroupCount/makemap64/n=8/escape	runtime-capability	-	wld	False	pass/fail*	RUN	no	no			LIVE
internal/runtime/maps	TestTableGroupCount/makemap64/n=9/escape	runtime-capability	-	wld	False	pass/fail*	RUN	no	no			LIVE
internal/runtime/maps	TestTableGroupCount/mapliteral/n=-1/escape	runtime-capability	-	wld	False	pass/fail*	RUN	no	no			LIVE
internal/runtime/maps	TestTableGroupCount/mapliteral/n=-1073741824/escape	runtime-capability	-	wld	False	pass/fail*	RUN	no	no			LIVE
internal/runtime/maps	TestTableGroupCount/mapliteral/n=0/escape	runtime-capability	-	wld	False	pass/fail*	RUN	no	no			LIVE
internal/runtime/maps	TestTableGroupCount/mapliteral/n=1/escape	runtime-capability	-	wld	False	pass/fail*	RUN	no	no			LIVE
internal/runtime/maps	TestTableGroupCount/mapliteral/n=12/escape	runtime-capability	-	wld	False	pass/fail*	RUN	no	no			LIVE
internal/runtime/maps	TestTableGroupCount/mapliteral/n=14/escape	runtime-capability	-	wld	False	pass/fail*	RUN	no	no			LIVE
internal/runtime/maps	TestTableGroupCount/mapliteral/n=15/escape	runtime-capability	-	wld	False	pass/fail*	RUN	no	no			LIVE
internal/runtime/maps	TestTableGroupCount/mapliteral/n=24/escape	runtime-capability	-	wld	False	pass/fail*	RUN	no	no			LIVE
internal/runtime/maps	TestTableGroupCount/mapliteral/n=29/escape	runtime-capability	-	wld	False	pass/fail*	RUN	no	no			LIVE
internal/runtime/maps	TestTableGroupCount/mapliteral/n=8/escape	runtime-capability	-	wld	False	pass/fail*	RUN	no	no			LIVE
internal/runtime/maps	TestTableGroupCount/mapliteral/n=9/escape	runtime-capability	-	wld	False	pass/fail*	RUN	no	no			LIVE
internal/runtime/maps	TestTableGroupCount/nohint/n=-1/escape	runtime-capability	-	wld	False	pass/fail*	RUN	no	no			LIVE
internal/runtime/maps	TestTableGroupCount/nohint/n=-1073741824/escape	runtime-capability	-	wld	False	pass/fail*	RUN	no	no			LIVE
internal/runtime/maps	TestTableGroupCount/nohint/n=0/escape	runtime-capability	-	wld	False	pass/fail*	RUN	no	no			LIVE
internal/runtime/maps	TestTableGroupCount/nohint/n=1/escape	runtime-capability	-	wld	False	pass/fail*	RUN	no	no			LIVE
internal/runtime/maps	TestTableGroupCount/nohint/n=12/escape	runtime-capability	-	wld	False	pass/fail*	RUN	no	no			LIVE
internal/runtime/maps	TestTableGroupCount/nohint/n=14/escape	runtime-capability	-	wld	False	pass/fail*	RUN	no	no			LIVE
internal/runtime/maps	TestTableGroupCount/nohint/n=15/escape	runtime-capability	-	wld	False	pass/fail*	RUN	no	no			LIVE
internal/runtime/maps	TestTableGroupCount/nohint/n=24/escape	runtime-capability	-	wld	False	pass/fail*	RUN	no	no			LIVE
internal/runtime/maps	TestTableGroupCount/nohint/n=29/escape	runtime-capability	-	wld	False	pass/fail*	RUN	no	no			LIVE
internal/runtime/maps	TestTableGroupCount/nohint/n=8/escape	runtime-capability	-	wld	False	pass/fail*	RUN	no	no			LIVE
internal/runtime/maps	TestTableGroupCount/nohint/n=9/escape	runtime-capability	-	wld	False	pass/fail*	RUN	no	no			LIVE
io	TestPipeAllocations	alloc-count-semantics	-	wld	True	pass/fail*	RUN	exact	exact			LIVE
log	TestDiscard	alloc-profile	-	wld	True	pass/fail*	RUN	exact	exact			LIVE
log/slog	TestAlloc/Info	alloc-profile	-	wld	True	pass/fail*	RUN	exact	exact			LIVE
log/slog	TestAlloc/Error	alloc-profile	-	wld	True	pass/fail*	RUN	exact	exact			LIVE
log/slog	TestAlloc/logger.Info	alloc-profile	-	wld	True	pass/fail*	RUN	exact	exact			LIVE
log/slog	TestAlloc/logger.Log	alloc-profile	-	wld	True	pass/fail*	RUN	exact	exact			LIVE
log/slog	TestAlloc/pairs	alloc-profile	-	wld	True	pass/fail*	RUN	exact	exact			LIVE
log/slog	TestAlloc/2_pairs	alloc-profile	-	wld	True	pass/fail*	RUN	exact	exact			LIVE
log/slog	TestAlloc/2_pairs_disabled_inline	alloc-profile	-	wld	True	pass/fail*	RUN	exact	exact			LIVE
log/slog	TestAlloc/9_kvs	alloc-profile	-	wld	True	pass/fail*	RUN	exact	exact			LIVE
log/slog	TestAlloc/attrs1	alloc-profile	-	wld	True	pass/fail*	RUN	exact	exact			LIVE
log/slog	TestAlloc/attrs3	alloc-profile	-	wld	True	pass/fail*	RUN	exact	exact			LIVE
log/slog	TestAlloc/attrs3_disabled	alloc-profile	-	wld	True	pass/fail*	RUN	exact	exact			LIVE
log/slog	TestAlloc/attrs6	alloc-profile	-	wld	True	pass/fail*	RUN	exact	exact			LIVE
log/slog	TestAlloc/attrs9	alloc-profile	-	wld	True	pass/fail*	RUN	exact	exact			LIVE
log/slog	TestAnyLevelAlloc	alloc-profile	-	wld	True	pass/fail*	RUN	exact	exact			LIVE
log/slog	TestTextHandlerAlloc	alloc-profile	-	wld	True	pass/fail*	RUN	exact	exact			LIVE
log/slog	TestAttrNoAlloc	alloc-profile	-	wld	True	pass/fail*	RUN	exact	exact			LIVE
log/slog	TestValueNoAlloc	alloc-profile	-	wld	True	pass/fail*	RUN	exact	exact			LIVE
log/slog	TestRecordSource	host-identity	-	wld	True	pass/fail*	RUN	no	no			LIVE
log/slog/internal/buffer	TestAlloc	alloc-profile	-	wld	True	pass/fail*	RUN	exact	exact			LIVE
math/big	TestMulUnbalanced	alloc-profile	-	wld	True	pass/fail*	RUN	exact	exact			LIVE
math/big	TestNewIntAllocs	alloc-profile	-	wld	True	fail/fail	SRC	exact	exact			LIVE
mime	TestLookupMallocs	alloc-profile	-	wld	True	pass/fail*	RUN	exact	exact			LIVE
net	TestAllocs	alloc-profile	-	wld	True	pass/fail*	RUN	no	no			LIVE
net	TestTCPReadWriteAllocs	alloc-profile	-	wld	True	pass/fail*	RUN	no	no			LIVE
net/http/cgi	TestCopyError	runtime-capability	-	wld	True	pass/fail*	RUN	exact	exact			LIVE
net/http/internal	TestChunkReaderAllocs	alloc-profile	-	wld	True	pass/fail*	RUN	exact	exact			LIVE
net/netip	TestAddrStringAllocs/ipv4	alloc-profile	-	wld	True	pass/fail*	RUN	chunks	chunks			LIVE
net/netip	TestAddrStringAllocs/ipv6	alloc-profile	-	wld	True	pass/fail*	RUN	chunks	chunks			LIVE
net/netip	TestAddrStringAllocs/ipv6+zone	alloc-profile	-	wld	True	pass/fail*	RUN	chunks	chunks			LIVE
net/netip	TestAddrStringAllocs/ipv4-in-ipv6	alloc-profile	-	wld	True	pass/fail*	RUN	chunks	chunks			LIVE
net/netip	TestAddrStringAllocs/ipv4-in-ipv6+zone	alloc-profile	-	wld	True	pass/fail*	RUN	chunks	chunks			LIVE
net/netip	TestNoAllocs/IPv4	alloc-profile	-	wld	True	pass/fail*	RUN	exact	exact			LIVE
net/netip	TestNoAllocs/AddrFrom4	alloc-profile	-	wld	True	pass/fail*	RUN	exact	exact			LIVE
net/netip	TestNoAllocs/AddrFrom16	alloc-profile	-	wld	True	pass/fail*	RUN	exact	exact			LIVE
net/netip	TestNoAllocs/ParseAddr/4	alloc-profile	-	wld	True	pass/fail*	RUN	exact	exact			LIVE
net/netip	TestNoAllocs/ParseAddr/6	alloc-profile	-	wld	True	pass/fail*	RUN	exact	exact			LIVE
net/netip	TestNoAllocs/MustParseAddr	alloc-profile	-	wld	True	pass/fail*	RUN	exact	exact			LIVE
net/netip	TestNoAllocs/IPv6LinkLocalAllNodes	alloc-profile	-	wld	True	pass/fail*	RUN	exact	exact			LIVE
net/netip	TestNoAllocs/IPv6LinkLocalAllRouters	alloc-profile	-	wld	True	pass/fail*	RUN	exact	exact			LIVE
net/netip	TestNoAllocs/IPv6Loopback	alloc-profile	-	wld	True	pass/fail*	RUN	exact	exact			LIVE
net/netip	TestNoAllocs/Addr.IsZero	alloc-profile	-	wld	True	pass/fail*	RUN	exact	exact			LIVE
net/netip	TestNoAllocs/Addr.BitLen	alloc-profile	-	wld	True	pass/fail*	RUN	exact	exact			LIVE
net/netip	TestNoAllocs/Addr.Zone/4	alloc-profile	-	wld	True	pass/fail*	RUN	exact	exact			LIVE
net/netip	TestNoAllocs/Addr.Zone/6	alloc-profile	-	wld	True	pass/fail*	RUN	exact	exact			LIVE
net/netip	TestNoAllocs/Addr.Zone/6zone	alloc-profile	-	wld	True	pass/fail*	RUN	exact	exact			LIVE
net/netip	TestNoAllocs/Addr.Compare	alloc-profile	-	wld	True	pass/fail*	RUN	exact	exact			LIVE
net/netip	TestNoAllocs/Addr.Less	alloc-profile	-	wld	True	pass/fail*	RUN	exact	exact			LIVE
net/netip	TestNoAllocs/Addr.Is4	alloc-profile	-	wld	True	pass/fail*	RUN	exact	exact			LIVE
net/netip	TestNoAllocs/Addr.Is6	alloc-profile	-	wld	True	pass/fail*	RUN	exact	exact			LIVE
net/netip	TestNoAllocs/Addr.Is4In6	alloc-profile	-	wld	True	pass/fail*	RUN	exact	exact			LIVE
net/netip	TestNoAllocs/Addr.Unmap	alloc-profile	-	wld	True	pass/fail*	RUN	exact	exact			LIVE
net/netip	TestNoAllocs/Addr.WithZone	alloc-profile	-	wld	True	pass/fail*	RUN	exact	exact			LIVE
net/netip	TestNoAllocs/Addr.IsGlobalUnicast	alloc-profile	-	wld	True	pass/fail*	RUN	exact	exact			LIVE
net/netip	TestNoAllocs/Addr.IsInterfaceLocalMulticast	alloc-profile	-	wld	True	pass/fail*	RUN	exact	exact			LIVE
net/netip	TestNoAllocs/Addr.IsLinkLocalMulticast	alloc-profile	-	wld	True	pass/fail*	RUN	exact	exact			LIVE
net/netip	TestNoAllocs/Addr.IsLinkLocalUnicast	alloc-profile	-	wld	True	pass/fail*	RUN	exact	exact			LIVE
net/netip	TestNoAllocs/Addr.IsLoopback	alloc-profile	-	wld	True	pass/fail*	RUN	exact	exact			LIVE
net/netip	TestNoAllocs/Addr.IsMulticast	alloc-profile	-	wld	True	pass/fail*	RUN	exact	exact			LIVE
net/netip	TestNoAllocs/Addr.IsPrivate	alloc-profile	-	wld	True	pass/fail*	RUN	exact	exact			LIVE
net/netip	TestNoAllocs/Addr.IsUnspecified	alloc-profile	-	wld	True	pass/fail*	RUN	exact	exact			LIVE
net/netip	TestNoAllocs/Addr.Prefix/4	alloc-profile	-	wld	True	pass/fail*	RUN	exact	exact			LIVE
net/netip	TestNoAllocs/Addr.Prefix/6	alloc-profile	-	wld	True	pass/fail*	RUN	exact	exact			LIVE
net/netip	TestNoAllocs/Addr.As16	alloc-profile	-	wld	True	pass/fail*	RUN	exact	exact			LIVE
net/netip	TestNoAllocs/Addr.As4	alloc-profile	-	wld	True	pass/fail*	RUN	exact	exact			LIVE
net/netip	TestNoAllocs/Addr.Next	alloc-profile	-	wld	True	pass/fail*	RUN	exact	exact			LIVE
net/netip	TestNoAllocs/Addr.Prev	alloc-profile	-	wld	True	pass/fail*	RUN	exact	exact			LIVE
net/netip	TestNoAllocs/AddrPortFrom	alloc-profile	-	wld	True	pass/fail*	RUN	exact	exact			LIVE
net/netip	TestNoAllocs/ParseAddrPort	alloc-profile	-	wld	True	pass/fail*	RUN	exact	exact			LIVE
net/netip	TestNoAllocs/MustParseAddrPort	alloc-profile	-	wld	True	pass/fail*	RUN	exact	exact			LIVE
net/netip	TestNoAllocs/PrefixFrom	alloc-profile	-	wld	True	pass/fail*	RUN	exact	exact			LIVE
net/netip	TestNoAllocs/ParsePrefix/4	alloc-profile	-	wld	True	pass/fail*	RUN	exact	exact			LIVE
net/netip	TestNoAllocs/ParsePrefix/6	alloc-profile	-	wld	True	pass/fail*	RUN	exact	exact			LIVE
net/netip	TestNoAllocs/MustParsePrefix	alloc-profile	-	wld	True	pass/fail*	RUN	exact	exact			LIVE
net/netip	TestNoAllocs/Prefix.Contains	alloc-profile	-	wld	True	pass/fail*	RUN	exact	exact			LIVE
net/netip	TestNoAllocs/Prefix.Overlaps	alloc-profile	-	wld	True	pass/fail*	RUN	exact	exact			LIVE
net/netip	TestNoAllocs/Prefix.IsZero	alloc-profile	-	wld	True	pass/fail*	RUN	exact	exact			LIVE
net/netip	TestNoAllocs/Prefix.IsSingleIP	alloc-profile	-	wld	True	pass/fail*	RUN	exact	exact			LIVE
net/netip	TestNoAllocs/Prefix.Masked	alloc-profile	-	wld	True	pass/fail*	RUN	exact	exact			LIVE
net/netip	TestParsePrefixAllocs/<IP-prefix subtest; disclosures[52] in the committed manifest>	alloc-profile	-	wld	True	pass/fail*	RUN	exact	exact			LIVE
net/netip	TestParsePrefixAllocs/aaaa:bbbb:cccc::/24	alloc-profile	-	wld	True	pass/fail*	RUN	exact	exact			LIVE
os/exec	TestCredentialNoSetGroups	host-limit	-	.ld	True	not-on-page	UNSEEN	no	no			ORPHAN-windows
os/exec	TestExtraFiles	platform-skip	-	wld	True	skip/skip	SRC	exact	exact			LIVE
os	TestUTF16Alloc	alloc-profile	-	w..	True	pass/fail*	RUN	exact	exact			ORPHAN-linux+darwin
os	TestWriteStringAlloc	deferred	-	wld	True	pass/fail*	RUN	exact	exact			LIVE
os/signal	TestAllThreadsSyscallSignals	cgo-configuration	-	.l.	True	not-on-page	SRC	exact	exact			ORPHAN-windows+darwin
os/signal	TestSignalTrace	runtime-capability	-	.ld	True	not-on-page	UNSEEN	no	no			ORPHAN-windows
os/signal	TestTerminalSignal	runtime-capability	-	...	False	not-on-page	UNSEEN	no	no			ORPHAN-ALL
reflect	TestImplicitMapConversion	runtime-capability	-	wld	True	no-page	UNSEEN	no	no			UNMEASURED
reflect	TestMethodCallValueCodePtr	runtime-capability	-	wld	True	no-page	UNSEEN	no	no		diverged-in-s1	UNMEASURED
reflect	TestSlice	runtime-capability	-	wld	True	no-page	SRC	exact	exact		diverged-in-s1	UNMEASURED
reflect	TestSlice3	runtime-capability	-	wld	True	no-page	SRC	exact	exact		diverged-in-s1	UNMEASURED
reflect	TestStructOf	runtime-capability	-	wld	True	no-page	SRC	exact	exact		diverged-in-s1	UNMEASURED
reflect	TestStructOfAnonymous	runtime-capability	-	wld	True	no-page	SRC	exact	exact		diverged-in-s1	UNMEASURED
reflect	TestValuePointerAndUnsafePointer/channel	runtime-capability	-	wld	True	no-page	SRC	exact	exact		diverged-in-s1	UNMEASURED
reflect	TestValuePointerAndUnsafePointer/function	runtime-capability	-	wld	True	no-page	SRC	exact	exact		diverged-in-s1	UNMEASURED
reflect	TestValuePointerAndUnsafePointer/map	runtime-capability	-	wld	True	no-page	SRC	exact	exact		diverged-in-s1	UNMEASURED
reflect	TestValuePointerAndUnsafePointer/pointer	runtime-capability	-	wld	True	no-page	SRC	exact	exact		diverged-in-s1	UNMEASURED
reflect	TestValuePointerAndUnsafePointer/slice	runtime-capability	-	wld	True	no-page	SRC	exact	exact		diverged-in-s1	UNMEASURED
reflect	TestValuePointerAndUnsafePointer/string	runtime-capability	-	wld	True	no-page	SRC	exact	exact		diverged-in-s1	UNMEASURED
reflect	TestChanAlloc	alloc-profile	-	wld	True	no-page	SRC	exact	exact		diverged-in-s1	UNMEASURED
reflect	TestDeepEqualAllocs/[6]uint8	alloc-profile	-	wld	True	no-page	SRC	exact	exact			UNMEASURED
reflect	TestDeepEqualAllocs/[][]uint8	alloc-profile	-	wld	True	no-page	SRC	exact	exact			UNMEASURED
reflect	TestDeepEqualAllocs/[]bool	alloc-profile	-	wld	True	no-page	SRC	exact	exact			UNMEASURED
reflect	TestDeepEqualAllocs/[]complex128	alloc-profile	-	wld	True	no-page	SRC	exact	exact			UNMEASURED
reflect	TestDeepEqualAllocs/[]complex64	alloc-profile	-	wld	True	no-page	SRC	exact	exact			UNMEASURED
reflect	TestDeepEqualAllocs/[]float32	alloc-profile	-	wld	True	no-page	SRC	exact	exact			UNMEASURED
reflect	TestDeepEqualAllocs/[]float64	alloc-profile	-	wld	True	no-page	SRC	exact	exact			UNMEASURED
reflect	TestDeepEqualAllocs/[]int	alloc-profile	-	wld	True	no-page	SRC	exact	exact			UNMEASURED
reflect	TestDeepEqualAllocs/[]int16	alloc-profile	-	wld	True	no-page	SRC	exact	exact			UNMEASURED
reflect	TestDeepEqualAllocs/[]int32	alloc-profile	-	wld	True	no-page	SRC	exact	exact			UNMEASURED
reflect	TestDeepEqualAllocs/[]int64	alloc-profile	-	wld	True	no-page	SRC	exact	exact			UNMEASURED
reflect	TestDeepEqualAllocs/[]int8	alloc-profile	-	wld	True	no-page	SRC	exact	exact			UNMEASURED
reflect	TestDeepEqualAllocs/[]string	alloc-profile	-	wld	True	no-page	SRC	exact	exact			UNMEASURED
reflect	TestDeepEqualAllocs/[]uint	alloc-profile	-	wld	True	no-page	SRC	exact	exact			UNMEASURED
reflect	TestDeepEqualAllocs/[]uint16	alloc-profile	-	wld	True	no-page	SRC	exact	exact			UNMEASURED
reflect	TestDeepEqualAllocs/[]uint32	alloc-profile	-	wld	True	no-page	SRC	exact	exact			UNMEASURED
reflect	TestDeepEqualAllocs/[]uint64	alloc-profile	-	wld	True	no-page	SRC	exact	exact			UNMEASURED
reflect	TestDeepEqualAllocs/[]uint8	alloc-profile	-	wld	True	no-page	SRC	exact	exact			UNMEASURED
reflect	TestDeepEqualAllocs/[]uint8#01	alloc-profile	-	wld	True	no-page	SRC	exact	exact			UNMEASURED
reflect	TestDeepEqualAllocs/[]uintptr	alloc-profile	-	wld	True	no-page	SRC	exact	exact			UNMEASURED
reflect	TestDeepEqualAllocs/bool	alloc-profile	-	wld	True	no-page	SRC	exact	exact			UNMEASURED
reflect	TestDeepEqualAllocs/complex128	alloc-profile	-	wld	True	no-page	SRC	exact	exact			UNMEASURED
reflect	TestDeepEqualAllocs/complex64	alloc-profile	-	wld	True	no-page	SRC	exact	exact			UNMEASURED
reflect	TestDeepEqualAllocs/float32	alloc-profile	-	wld	True	no-page	SRC	exact	exact			UNMEASURED
reflect	TestDeepEqualAllocs/float64	alloc-profile	-	wld	True	no-page	SRC	exact	exact			UNMEASURED
reflect	TestDeepEqualAllocs/int	alloc-profile	-	wld	True	no-page	SRC	exact	exact			UNMEASURED
reflect	TestDeepEqualAllocs/int16	alloc-profile	-	wld	True	no-page	SRC	exact	exact			UNMEASURED
reflect	TestDeepEqualAllocs/int32	alloc-profile	-	wld	True	no-page	SRC	exact	exact			UNMEASURED
reflect	TestDeepEqualAllocs/int64	alloc-profile	-	wld	True	no-page	SRC	exact	exact			UNMEASURED
reflect	TestDeepEqualAllocs/int8	alloc-profile	-	wld	True	no-page	SRC	exact	exact			UNMEASURED
reflect	TestDeepEqualAllocs/string	alloc-profile	-	wld	True	no-page	SRC	exact	exact			UNMEASURED
reflect	TestDeepEqualAllocs/uint	alloc-profile	-	wld	True	no-page	SRC	exact	exact			UNMEASURED
reflect	TestDeepEqualAllocs/uint16	alloc-profile	-	wld	True	no-page	SRC	exact	exact			UNMEASURED
reflect	TestDeepEqualAllocs/uint32	alloc-profile	-	wld	True	no-page	SRC	exact	exact			UNMEASURED
reflect	TestDeepEqualAllocs/uint64	alloc-profile	-	wld	True	no-page	SRC	exact	exact			UNMEASURED
reflect	TestDeepEqualAllocs/uint8	alloc-profile	-	wld	True	no-page	SRC	exact	exact			UNMEASURED
reflect	TestDeepEqualAllocs/uintptr	alloc-profile	-	wld	True	no-page	SRC	exact	exact			UNMEASURED
reflect	TestMapAlloc	alloc-profile	-	wld	True	no-page	SRC	exact	exact		diverged-in-s1	UNMEASURED
reflect	TestMapIterReset	alloc-profile	-	wld	True	no-page	SRC	exact	exact		diverged-in-s1	UNMEASURED
reflect	TestMapIterSet	alloc-profile	-	wld	True	no-page	SRC	chunks	chunks		diverged-in-s1	UNMEASURED
reflect	TestSmallZero	alloc-profile	-	wld	True	no-page	SRC	exact	exact		diverged-in-s1	UNMEASURED
reflect	TestSliceAt	runtime-capability	-	wld	True	no-page	SRC	exact	exact		diverged-in-s1	UNMEASURED
reflect	TestGCBits	runtime-capability	-	wld	True	no-page	SRC	exact	exact		diverged-in-s1	UNMEASURED
reflect	TestPtrToGC	runtime-capability	-	wld	True	no-page	UNSEEN	no	no		diverged-in-s1	UNMEASURED
reflect	TestAlignment	runtime-capability	-	wld	True	no-page	SRC	exact	exact		diverged-in-s1	UNMEASURED
reflect	TestCallReturnsEmpty	codegen-liveness	-	wld	True	no-page	SRC	exact	exact		diverged-in-s1	UNMEASURED
reflect	TestEmbeddedMethods	runtime-capability	-	wld	True	no-page	SRC	exact	exact			UNMEASURED
reflect	TestMethodValue	runtime-capability	-	wld	True	no-page	UNSEEN	no	no			UNMEASURED
reflect	TestNestedMethods	runtime-capability	-	wld	True	no-page	SRC	exact	exact			UNMEASURED
runtime/debug	TestFreeOSMemory	codegen-liveness	-	wld	True	pass/fail*	RUN	chunks	chunks			LIVE
runtime/debug	TestPanicOnFault	host-fatal	-	.ld	True	not-on-page	SRC	none	none			ORPHAN-windows
runtime/debug	TestStack	host-identity	-	wld	True	pass/fail*	RUN	no	no			LIVE
runtime/debug	TestWriteHeapDumpFinalizers	runtime-capability	-	wld	True	pass/fail*	RUN	no	no			LIVE
runtime/debug	TestWriteHeapDumpNonempty	runtime-capability	-	wld	True	pass/fail*	RUN	no	no			LIVE
runtime/debug	TestWriteHeapDumpTypeName	runtime-capability	-	wld	True	pass/fail*	RUN	no	no			LIVE
runtime	TestCaller	runtime-capability	-	wld	True	no-page	SRC	exact	exact		diverged-in-s1	UNMEASURED
runtime	TestPinnerConstStringData	runtime-capability	-	wld	True	no-page	SRC	exact	exact		diverged-in-s1	UNMEASURED
runtime	TestPanicSystemstack	host-fatal	-	.ld	True	no-page	SRC	none	none			ORPHAN-windows
runtime	TestEmptySlice	host-fatal	-	wld	True	no-page	SRC	none	none			UNMEASURED
runtime	TestEmptyString	host-fatal	-	wld	True	no-page	SRC	none	none			UNMEASURED
runtime	TestCrashWhileTracing	host-fatal	-	wld	True	no-page	SRC	none	none			UNMEASURED
runtime/pprof	TestBlockMutexProfileInlineExpansion	host-fatal	-	wld	True	no-page	SRC	none	none			UNMEASURED
runtime/pprof	TestBlockProfile	host-fatal	-	wld	True	no-page	SRC	none	none			UNMEASURED
runtime/pprof	TestMutexProfile	host-fatal	-	wld	True	no-page	SRC	none	none			UNMEASURED
runtime/pprof	TestMutexProfileRateAdjust	host-fatal	-	wld	True	no-page	SRC	none	none			UNMEASURED
runtime/pprof	TestProfileRecordNullPadding	host-fatal	-	wld	True	no-page	SRC	none	none			UNMEASURED
runtime/pprof	TestProfilerStackDepth	host-fatal	-	wld	True	no-page	SRC	none	none			UNMEASURED
slices	TestConcat	alloc-count-semantics	-	wld	True	pass/fail*	RUN	exact	exact			LIVE
slices	TestGrow	alloc-count-semantics	-	wld	True	pass/fail*	RUN	exact	exact			LIVE
slices	TestInsert	alloc-profile	-	wld	True	pass/fail*	RUN	exact	exact			LIVE
strconv	TestAllocationsFromBytes/Atoi	alloc-profile	-	wld	True	pass/fail*	RUN	exact	exact			LIVE
strconv	TestAllocationsFromBytes/ParseBool	alloc-profile	-	wld	True	pass/fail*	RUN	exact	exact			LIVE
strconv	TestAllocationsFromBytes/ParseInt	alloc-profile	-	wld	True	pass/fail*	RUN	exact	exact			LIVE
strconv	TestAllocationsFromBytes/ParseUint	alloc-profile	-	wld	True	pass/fail*	RUN	exact	exact			LIVE
strconv	TestAllocationsFromBytes/ParseFloat	alloc-profile	-	wld	True	pass/fail*	RUN	exact	exact			LIVE
strconv	TestAllocationsFromBytes/ParseComplex	alloc-profile	-	wld	True	pass/fail*	RUN	exact	exact			LIVE
strconv	TestAllocationsFromBytes/CanBackquote	alloc-profile	-	wld	True	pass/fail*	RUN	exact	exact			LIVE
strconv	TestAllocationsFromBytes/AppendQuote	alloc-profile	-	wld	True	pass/fail*	RUN	exact	exact			LIVE
strconv	TestAllocationsFromBytes/AppendQuoteToASCII	alloc-profile	-	wld	True	pass/fail*	RUN	exact	exact			LIVE
strconv	TestAllocationsFromBytes/AppendQuoteToGraphic	alloc-profile	-	wld	True	pass/fail*	RUN	exact	exact			LIVE
strings	TestBuilderAllocs	alloc-count-semantics	-	wld	True	pass/fail*	RUN	exact	exact			LIVE
strings	TestBuilderGrow	alloc-count-semantics	-	wld	True	pass/fail*	RUN	exact	exact			LIVE
strings	TestBuilderGrowSizeclasses	alloc-count-semantics	-	wld	True	pass/fail*	RUN	exact	exact			LIVE
strings	TestIndexRune	alloc-profile	-	wld	True	pass/fail*	RUN	exact	exact			LIVE
sync	TestOnceXGC/OnceFunc	codegen-liveness	-	wld	True	pass/fail*	RUN	exact	exact			LIVE
sync	TestOnceXGC/OnceValue	codegen-liveness	-	wld	True	pass/fail*	RUN	exact	exact			LIVE
sync	TestOnceXGC/OnceValues	codegen-liveness	-	wld	True	pass/fail*	RUN	exact	exact			LIVE
sync	TestMapClearOneAllocation	alloc-count-semantics	-	wld	False	pass/fail*	RUN	exact	exact			LIVE
sync	TestMapRangeNoAllocations	alloc-count-semantics	-	wld	True	pass/fail*	RUN	exact	exact			LIVE
syscall	TestAllThreadsSyscall	cgo-configuration	-	.l.	True	not-on-page	SRC	exact	exact			ORPHAN-windows+darwin
syscall	TestAllThreadsSyscallBlockedSyscall	cgo-configuration	-	.l.	True	not-on-page	SRC	exact	exact			ORPHAN-windows+darwin
syscall	TestAllThreadsSyscallError	cgo-configuration	-	.l.	True	not-on-page	SRC	exact	exact			ORPHAN-windows+darwin
syscall	TestAmbientCaps	platform-skip	-	.l.	True	not-on-page	UNSEEN	no	no			ORPHAN-windows+darwin
syscall	TestAmbientCapsUserns	platform-skip	-	.l.	True	not-on-page	UNSEEN	no	no			ORPHAN-windows+darwin
syscall	TestCloneNEWUSERAndRemap/setgroups=false	platform-skip	-	.l.	True	not-on-page	UNSEEN	no	no			ORPHAN-windows+darwin
syscall	TestCloneNEWUSERAndRemap/setgroups=true	platform-skip	-	.l.	True	not-on-page	UNSEEN	no	no			ORPHAN-windows+darwin
syscall	TestCloneTimeNamespace	platform-skip	-	.l.	True	not-on-page	UNSEEN	no	no			ORPHAN-windows+darwin
syscall	TestDeathSignalSetuid	platform-skip	-	.l.	True	not-on-page	SRC	exact	exact			ORPHAN-windows+darwin
syscall	TestEmptyCredGroupsDisableSetgroups	platform-skip	-	.l.	True	not-on-page	UNSEEN	no	no			ORPHAN-windows+darwin
syscall	TestExecPtrace	host-limit	-	.ld	True	not-on-page	UNSEEN	no	no			ORPHAN-windows
syscall	TestGroupCleanup	platform-skip	-	.l.	True	not-on-page	UNSEEN	no	no			ORPHAN-windows+darwin
syscall	TestGroupCleanupUserNamespace	platform-skip	-	.l.	True	not-on-page	UNSEEN	no	no			ORPHAN-windows+darwin
syscall	TestPidFDWithUserNS	platform-skip	-	.l.	True	not-on-page	UNSEEN	no	no			ORPHAN-windows+darwin
syscall	TestUnshare	platform-skip	-	.l.	True	not-on-page	UNSEEN	no	no			ORPHAN-windows+darwin
syscall	TestUnshareMountNameSpace	platform-skip	-	.l.	True	not-on-page	UNSEEN	no	no			ORPHAN-windows+darwin
syscall	TestUnshareMountNameSpaceChroot	platform-skip	-	.l.	True	not-on-page	UNSEEN	no	no			ORPHAN-windows+darwin
testing	TestPanic/root_test_panics	host-identity	-	wld	True	pass/fail*	RUN	exact	exact			LIVE
testing	TestPanic/subtest_panics	host-identity	-	wld	True	pass/fail*	RUN	exact	exact			LIVE
testing	TestPanic/subtest_panics_with_cleanup	host-identity	-	wld	True	pass/fail*	RUN	exact	exact			LIVE
testing	TestPanic/subtest_panics_with_outer_cleanup_panic	host-identity	-	wld	True	pass/fail*	RUN	exact	exact			LIVE
testing	TestPanic/subtest_panics_with_middle_cleanup_panic	host-identity	-	wld	True	pass/fail*	RUN	exact	exact			LIVE
testing	TestPanic/subtest_panics_with_inner_cleanup_panic	host-identity	-	wld	True	pass/fail*	RUN	exact	exact			LIVE
testing	TestPanic/parallel_subtest_panics_with_cleanup	host-identity	-	wld	True	pass/fail*	RUN	exact	exact			LIVE
testing	TestPanic/parallel_subtest_panics_with_outer_cleanup_panic	host-identity	-	wld	True	pass/fail*	RUN	exact	exact			LIVE
testing	TestPanic/parallel_subtest_panics_with_middle_cleanup_panic	host-identity	-	wld	True	pass/fail*	RUN	exact	exact			LIVE
testing	TestPanic/parallel_subtest_panics_with_inner_cleanup_panic	host-identity	-	wld	True	pass/fail*	RUN	exact	exact			LIVE
testing	TestTBHelper	host-identity	-	wld	True	pass/fail*	RUN	exact	exact			LIVE
testing	TestTBHelperParallel	host-identity	-	wld	True	pass/fail*	RUN	chunks	chunks			LIVE
testing	TestMorePanic	host-identity	-	wld	True	pass/fail*	RUN	no	no			LIVE
testing	TestAllocsPerRun	alloc-count-semantics	-	wld	True	pass/fail*	RUN	no	no			LIVE
unicode/utf16	TestAllocationsDecode	alloc-profile	-	wld	True	pass/fail*	RUN	exact	exact			LIVE
unique	TestMakeClonesStrings	codegen-liveness	-	wld	True	pass/fail*	RUN	exact	exact			LIVE
