package	shard	host	kind	attempt	start	end	outer_s	sweep_s	deadline_min	word	got	gotDisclosed	gotDisclosedArray	bankedTests	bankedDisclosed	absorption	page	drift	log	corpus_commit	converter_commit	converter_sha256	converter_mtime	ctoolchain	rc
archive/tar	S-G	G-LAPTOP	verdict	1	2026-09-24T02:20:52	2026-09-24T02:23:13	141	141	10	PASS	98	0	0	98	0	none	MOVED [TestFileInfoHeaderSymlink] N=98 D=0	clean	rows\archive__tar\sweep.log	61724860b49a84c373f1c0c6f76d8df3cbad9804	61724860b49a84c373f1c0c6f76d8df3cbad9804	cf743ca654fa9c3d80c80d0d42e629e2652f07fcc90432cbfda10198c8dd9a2b	2026-09-24T02:06:01	none	0
archive/zip	S-G	G-LAPTOP	verdict	1	2026-09-24T02:23:15	2026-09-24T02:25:32	137	137	60	PASS	100	0	0	100	0	none	NOT REWRITTEN	clean	rows\archive__zip\sweep.log	61724860b49a84c373f1c0c6f76d8df3cbad9804	61724860b49a84c373f1c0c6f76d8df3cbad9804	cf743ca654fa9c3d80c80d0d42e629e2652f07fcc90432cbfda10198c8dd9a2b	2026-09-24T02:06:01	none	0
bufio	S-G	G-LAPTOP	verdict	1	2026-09-24T02:25:33	2026-09-24T02:26:00	27	26	10	PASS	80	1	1	80	1	none	NOT REWRITTEN	clean	rows\bufio\sweep.log	61724860b49a84c373f1c0c6f76d8df3cbad9804	61724860b49a84c373f1c0c6f76d8df3cbad9804	cf743ca654fa9c3d80c80d0d42e629e2652f07fcc90432cbfda10198c8dd9a2b	2026-09-24T02:06:01	none	0
bytes	S-G	G-LAPTOP	verdict	1	2026-09-24T02:26:01	2026-09-24T02:26:32	31	31	10	PASS	83	6	6	83	6	none	NOT REWRITTEN	clean	rows\bytes\sweep.log	61724860b49a84c373f1c0c6f76d8df3cbad9804	61724860b49a84c373f1c0c6f76d8df3cbad9804	cf743ca654fa9c3d80c80d0d42e629e2652f07fcc90432cbfda10198c8dd9a2b	2026-09-24T02:06:01	none	0
cmp	S-G	G-LAPTOP	verdict	1	2026-09-24T02:26:33	2026-09-24T02:26:54	21	20	10	PASS	4	0	0	4	0	none	NOT REWRITTEN	clean	rows\cmp\sweep.log	61724860b49a84c373f1c0c6f76d8df3cbad9804	61724860b49a84c373f1c0c6f76d8df3cbad9804	cf743ca654fa9c3d80c80d0d42e629e2652f07fcc90432cbfda10198c8dd9a2b	2026-09-24T02:06:01	none	0
compress/bzip2	S-G	G-LAPTOP	verdict	1	2026-09-24T02:26:55	2026-09-24T02:27:18	22	22	10	PASS	4	0	0	4	0	none	NOT REWRITTEN	clean	rows\compress__bzip2\sweep.log	61724860b49a84c373f1c0c6f76d8df3cbad9804	61724860b49a84c373f1c0c6f76d8df3cbad9804	cf743ca654fa9c3d80c80d0d42e629e2652f07fcc90432cbfda10198c8dd9a2b	2026-09-24T02:06:01	none	0
compress/flate	S-G	G-LAPTOP	verdict	1	2026-09-24T02:27:19	2026-09-24T02:28:09	50	49	10	PASS	64	0	0	64	0	none	NOT REWRITTEN	clean	rows\compress__flate\sweep.log	61724860b49a84c373f1c0c6f76d8df3cbad9804	61724860b49a84c373f1c0c6f76d8df3cbad9804	cf743ca654fa9c3d80c80d0d42e629e2652f07fcc90432cbfda10198c8dd9a2b	2026-09-24T02:06:01	none	0
compress/gzip	S-G	G-LAPTOP	verdict	1	2026-09-24T02:28:10	2026-09-24T02:28:43	34	33	10	PASS	15	0	0	15	0	none	NOT REWRITTEN	clean	rows\compress__gzip\sweep.log	61724860b49a84c373f1c0c6f76d8df3cbad9804	61724860b49a84c373f1c0c6f76d8df3cbad9804	cf743ca654fa9c3d80c80d0d42e629e2652f07fcc90432cbfda10198c8dd9a2b	2026-09-24T02:06:01	none	0
compress/lzw	S-G	G-LAPTOP	verdict	1	2026-09-24T02:28:44	2026-09-24T02:29:08	24	23	10	PASS	17	0	0	17	0	none	NOT REWRITTEN	clean	rows\compress__lzw\sweep.log	61724860b49a84c373f1c0c6f76d8df3cbad9804	61724860b49a84c373f1c0c6f76d8df3cbad9804	cf743ca654fa9c3d80c80d0d42e629e2652f07fcc90432cbfda10198c8dd9a2b	2026-09-24T02:06:01	none	0
compress/zlib	S-G	G-LAPTOP	verdict	1	2026-09-24T02:29:09	2026-09-24T02:29:35	26	26	10	PASS	6	0	0	6	0	none	NOT REWRITTEN	clean	rows\compress__zlib\sweep.log	61724860b49a84c373f1c0c6f76d8df3cbad9804	61724860b49a84c373f1c0c6f76d8df3cbad9804	cf743ca654fa9c3d80c80d0d42e629e2652f07fcc90432cbfda10198c8dd9a2b	2026-09-24T02:06:01	none	0
container/heap	S-G	G-LAPTOP	verdict	1	2026-09-24T02:29:36	2026-09-24T02:29:59	23	22	10	PASS	7	0	0	7	0	none	NOT REWRITTEN	clean	rows\container__heap\sweep.log	61724860b49a84c373f1c0c6f76d8df3cbad9804	61724860b49a84c373f1c0c6f76d8df3cbad9804	cf743ca654fa9c3d80c80d0d42e629e2652f07fcc90432cbfda10198c8dd9a2b	2026-09-24T02:06:01	none	0
container/list	S-G	G-LAPTOP	verdict	1	2026-09-24T02:30:00	2026-09-24T02:30:21	21	20	10	PASS	10	0	0	10	0	none	NOT REWRITTEN	clean	rows\container__list\sweep.log	61724860b49a84c373f1c0c6f76d8df3cbad9804	61724860b49a84c373f1c0c6f76d8df3cbad9804	cf743ca654fa9c3d80c80d0d42e629e2652f07fcc90432cbfda10198c8dd9a2b	2026-09-24T02:06:01	none	0
container/ring	S-G	G-LAPTOP	verdict	1	2026-09-24T02:30:22	2026-09-24T02:30:42	20	20	10	PASS	8	0	0	8	0	none	NOT REWRITTEN	clean	rows\container__ring\sweep.log	61724860b49a84c373f1c0c6f76d8df3cbad9804	61724860b49a84c373f1c0c6f76d8df3cbad9804	cf743ca654fa9c3d80c80d0d42e629e2652f07fcc90432cbfda10198c8dd9a2b	2026-09-24T02:06:01	none	0
context	S-G	G-LAPTOP	verdict	1	2026-09-24T02:30:43	2026-09-24T02:31:30	47	46	10	COUNT	58	0	0	57	1	none	MOVED [TestAllocs] N=58 D=0	auto=0 test-artifacts=0 production=1	rows\context\sweep.log	61724860b49a84c373f1c0c6f76d8df3cbad9804	61724860b49a84c373f1c0c6f76d8df3cbad9804	cf743ca654fa9c3d80c80d0d42e629e2652f07fcc90432cbfda10198c8dd9a2b	2026-09-24T02:06:01	none	1
crypto	S-G	G-LAPTOP	verdict	1	2026-09-24T02:31:32	2026-09-24T02:32:36	64	63	10	PASS	6	0	0	6	0	none	NOT REWRITTEN	clean	rows\crypto\sweep.log	61724860b49a84c373f1c0c6f76d8df3cbad9804	61724860b49a84c373f1c0c6f76d8df3cbad9804	cf743ca654fa9c3d80c80d0d42e629e2652f07fcc90432cbfda10198c8dd9a2b	2026-09-24T02:06:01	none	0
crypto/aes	S-G	G-LAPTOP	verdict	1	2026-09-24T02:32:37	2026-09-24T02:33:10	33	33	10	PASS	57	0	0	57	0	none	NOT REWRITTEN	clean	rows\crypto__aes\sweep.log	61724860b49a84c373f1c0c6f76d8df3cbad9804	61724860b49a84c373f1c0c6f76d8df3cbad9804	cf743ca654fa9c3d80c80d0d42e629e2652f07fcc90432cbfda10198c8dd9a2b	2026-09-24T02:06:01	none	0
crypto/cipher	S-G	G-LAPTOP	verdict	1	2026-09-24T02:33:11	2026-09-24T02:34:13	61	60	10	PASS	27272	0	0	27272	0	none	NOT REWRITTEN	clean	rows\crypto__cipher\sweep.log	61724860b49a84c373f1c0c6f76d8df3cbad9804	61724860b49a84c373f1c0c6f76d8df3cbad9804	cf743ca654fa9c3d80c80d0d42e629e2652f07fcc90432cbfda10198c8dd9a2b	2026-09-24T02:06:01	none	0
crypto/des	S-G	G-LAPTOP	verdict	1	2026-09-24T02:34:15	2026-09-24T02:34:43	28	27	10	PASS	55	0	0	55	0	none	NOT REWRITTEN	clean	rows\crypto__des\sweep.log	61724860b49a84c373f1c0c6f76d8df3cbad9804	61724860b49a84c373f1c0c6f76d8df3cbad9804	cf743ca654fa9c3d80c80d0d42e629e2652f07fcc90432cbfda10198c8dd9a2b	2026-09-24T02:06:01	none	0
crypto/dsa	S-G	G-LAPTOP	verdict	1	2026-09-24T02:34:44	2026-09-24T02:36:06	83	82	120	PASS	4	0	0	4	0	none	NOT REWRITTEN	clean	rows\crypto__dsa\sweep.log	61724860b49a84c373f1c0c6f76d8df3cbad9804	61724860b49a84c373f1c0c6f76d8df3cbad9804	cf743ca654fa9c3d80c80d0d42e629e2652f07fcc90432cbfda10198c8dd9a2b	2026-09-24T02:06:01	none	0
crypto/ecdh	S-G	G-LAPTOP	verdict	1	2026-09-24T02:36:07	2026-09-24T02:36:49	41	41	10	PASS	47	0	0	47	0	none	NOT REWRITTEN	auto=0 test-artifacts=1 production=0	rows\crypto__ecdh\sweep.log	61724860b49a84c373f1c0c6f76d8df3cbad9804	61724860b49a84c373f1c0c6f76d8df3cbad9804	cf743ca654fa9c3d80c80d0d42e629e2652f07fcc90432cbfda10198c8dd9a2b	2026-09-24T02:06:01	none	0
crypto/ecdsa	S-G	G-LAPTOP	verdict	1	2026-09-24T02:36:50	2026-09-24T02:37:51	60	60	10	PASS	77	0	0	77	0	none	NOT REWRITTEN	clean	rows\crypto__ecdsa\sweep.log	61724860b49a84c373f1c0c6f76d8df3cbad9804	61724860b49a84c373f1c0c6f76d8df3cbad9804	cf743ca654fa9c3d80c80d0d42e629e2652f07fcc90432cbfda10198c8dd9a2b	2026-09-24T02:06:01	none	0
crypto/ed25519	S-G	G-LAPTOP	verdict	1	2026-09-24T02:37:52	2026-09-24T02:38:27	35	34	10	PASS	9	1	1	9	1	none	NOT REWRITTEN	clean	rows\crypto__ed25519\sweep.log	61724860b49a84c373f1c0c6f76d8df3cbad9804	61724860b49a84c373f1c0c6f76d8df3cbad9804	cf743ca654fa9c3d80c80d0d42e629e2652f07fcc90432cbfda10198c8dd9a2b	2026-09-24T02:06:01	none	0
crypto/elliptic	S-G	G-LAPTOP	verdict	1	2026-09-24T02:38:28	2026-09-24T02:38:57	29	28	10	PASS	82	0	0	82	0	none	NOT REWRITTEN	clean	rows\crypto__elliptic\sweep.log	61724860b49a84c373f1c0c6f76d8df3cbad9804	61724860b49a84c373f1c0c6f76d8df3cbad9804	cf743ca654fa9c3d80c80d0d42e629e2652f07fcc90432cbfda10198c8dd9a2b	2026-09-24T02:06:01	none	0
crypto/hkdf	S-G	G-LAPTOP	verdict	1	2026-09-24T02:38:58	2026-09-24T02:39:26	28	27	10	PASS	3	0	0	3	0	none	NOT REWRITTEN	clean	rows\crypto__hkdf\sweep.log	61724860b49a84c373f1c0c6f76d8df3cbad9804	61724860b49a84c373f1c0c6f76d8df3cbad9804	cf743ca654fa9c3d80c80d0d42e629e2652f07fcc90432cbfda10198c8dd9a2b	2026-09-24T02:06:01	none	0
crypto/hmac	S-G	G-LAPTOP	verdict	1	2026-09-24T02:39:27	2026-09-24T02:39:57	30	29	10	PASS	172	0	0	172	0	none	NOT REWRITTEN	clean	rows\crypto__hmac\sweep.log	61724860b49a84c373f1c0c6f76d8df3cbad9804	61724860b49a84c373f1c0c6f76d8df3cbad9804	cf743ca654fa9c3d80c80d0d42e629e2652f07fcc90432cbfda10198c8dd9a2b	2026-09-24T02:06:01	none	0
crypto/internal/boring	S-G	G-LAPTOP	verdict	1	2026-09-24T02:39:58	2026-09-24T02:40:24	25	25	10	PASS	3	0	0	3	0	none	NOT REWRITTEN	clean	rows\crypto__internal__boring\sweep.log	61724860b49a84c373f1c0c6f76d8df3cbad9804	61724860b49a84c373f1c0c6f76d8df3cbad9804	cf743ca654fa9c3d80c80d0d42e629e2652f07fcc90432cbfda10198c8dd9a2b	2026-09-24T02:06:01	none	0
crypto/internal/boring/bcache	S-G	G-LAPTOP	verdict	1	2026-09-24T02:40:25	2026-09-24T02:40:59	34	33	10	PASS	1	0	0	1	0	none	NOT REWRITTEN	clean	rows\crypto__internal__boring__bcache\sweep.log	61724860b49a84c373f1c0c6f76d8df3cbad9804	61724860b49a84c373f1c0c6f76d8df3cbad9804	cf743ca654fa9c3d80c80d0d42e629e2652f07fcc90432cbfda10198c8dd9a2b	2026-09-24T02:06:01	none	0
crypto/internal/fips140/aes	S-G	G-LAPTOP	verdict	1	2026-09-24T02:41:00	2026-09-24T02:41:26	26	25	10	PASS	5	0	0	5	0	none	NOT REWRITTEN	clean	rows\crypto__internal__fips140__aes\sweep.log	61724860b49a84c373f1c0c6f76d8df3cbad9804	61724860b49a84c373f1c0c6f76d8df3cbad9804	cf743ca654fa9c3d80c80d0d42e629e2652f07fcc90432cbfda10198c8dd9a2b	2026-09-24T02:06:01	none	0
crypto/internal/fips140/bigmod	S-G	G-LAPTOP	verdict	1	2026-09-24T02:41:27	2026-09-24T02:41:55	28	27	10	PASS	79	0	0	79	0	none	NOT REWRITTEN	clean	rows\crypto__internal__fips140__bigmod\sweep.log	61724860b49a84c373f1c0c6f76d8df3cbad9804	61724860b49a84c373f1c0c6f76d8df3cbad9804	cf743ca654fa9c3d80c80d0d42e629e2652f07fcc90432cbfda10198c8dd9a2b	2026-09-24T02:06:01	none	0
crypto/internal/fips140/ecdh	S-G	G-LAPTOP	verdict	1	2026-09-24T02:41:56	2026-09-24T02:42:22	26	25	10	PASS	1	0	0	1	0	none	NOT REWRITTEN	auto=0 test-artifacts=0 production=1	rows\crypto__internal__fips140__ecdh\sweep.log	61724860b49a84c373f1c0c6f76d8df3cbad9804	61724860b49a84c373f1c0c6f76d8df3cbad9804	cf743ca654fa9c3d80c80d0d42e629e2652f07fcc90432cbfda10198c8dd9a2b	2026-09-24T02:06:01	none	0
crypto/internal/fips140/ecdsa	S-G	G-LAPTOP	verdict	1	2026-09-24T02:42:41	2026-09-24T02:44:56	135	134	10	PASS	10	0	0	10	0	none	NOT REWRITTEN	auto=0 test-artifacts=0 production=1	rows\crypto__internal__fips140__ecdsa\sweep.log	61724860b49a84c373f1c0c6f76d8df3cbad9804	61724860b49a84c373f1c0c6f76d8df3cbad9804	cf743ca654fa9c3d80c80d0d42e629e2652f07fcc90432cbfda10198c8dd9a2b	2026-09-24T02:06:01	none	0
crypto/internal/fips140/edwards25519	S-G	G-LAPTOP	verdict	1	2026-09-24T02:44:57	2026-09-24T02:50:18	321	320	10	PASS	54	0	0	54	0	none	NOT REWRITTEN	auto=0 test-artifacts=0 production=1	rows\crypto__internal__fips140__edwards25519\sweep.log	61724860b49a84c373f1c0c6f76d8df3cbad9804	61724860b49a84c373f1c0c6f76d8df3cbad9804	cf743ca654fa9c3d80c80d0d42e629e2652f07fcc90432cbfda10198c8dd9a2b	2026-09-24T02:06:01	none	0
crypto/internal/fips140/edwards25519/field	S-G	G-LAPTOP	verdict	1	2026-09-24T02:50:19	2026-09-24T02:51:09	50	49	10	PASS	16	0	0	16	0	none	NOT REWRITTEN	clean	rows\crypto__internal__fips140__edwards25519__field\sweep.log	61724860b49a84c373f1c0c6f76d8df3cbad9804	61724860b49a84c373f1c0c6f76d8df3cbad9804	cf743ca654fa9c3d80c80d0d42e629e2652f07fcc90432cbfda10198c8dd9a2b	2026-09-24T02:06:01	none	0
crypto/internal/fips140/mlkem	S-G	G-LAPTOP	verdict	1	2026-09-24T02:51:10	2026-09-24T02:51:40	30	29	30	PASS	10	0	0	10	0	none	NOT REWRITTEN	clean	rows\crypto__internal__fips140__mlkem\sweep.log	61724860b49a84c373f1c0c6f76d8df3cbad9804	61724860b49a84c373f1c0c6f76d8df3cbad9804	cf743ca654fa9c3d80c80d0d42e629e2652f07fcc90432cbfda10198c8dd9a2b	2026-09-24T02:06:01	none	0
crypto/internal/fips140/nistec	S-G	G-LAPTOP	verdict	1	2026-09-24T02:51:41	2026-09-24T02:52:10	29	28	10	PASS	44	0	0	44	0	none	NOT REWRITTEN	clean	rows\crypto__internal__fips140__nistec\sweep.log	61724860b49a84c373f1c0c6f76d8df3cbad9804	61724860b49a84c373f1c0c6f76d8df3cbad9804	cf743ca654fa9c3d80c80d0d42e629e2652f07fcc90432cbfda10198c8dd9a2b	2026-09-24T02:06:01	none	0
crypto/internal/fips140/rsa	S-G	G-LAPTOP	verdict	1	2026-09-24T02:52:11	2026-09-24T02:52:44	32	32	10	PASS	123	0	0	123	0	none	NOT REWRITTEN	auto=0 test-artifacts=0 production=1	rows\crypto__internal__fips140__rsa\sweep.log	61724860b49a84c373f1c0c6f76d8df3cbad9804	61724860b49a84c373f1c0c6f76d8df3cbad9804	cf743ca654fa9c3d80c80d0d42e629e2652f07fcc90432cbfda10198c8dd9a2b	2026-09-24T02:06:01	none	0
crypto/internal/fips140test	S-G	G-LAPTOP	verdict	1	2026-09-24T02:52:45	2026-09-24T02:55:22	157	156	10	PASS	2260	7	7	2260	7	none	NOT REWRITTEN	clean	rows\crypto__internal__fips140test\sweep.log	61724860b49a84c373f1c0c6f76d8df3cbad9804	61724860b49a84c373f1c0c6f76d8df3cbad9804	cf743ca654fa9c3d80c80d0d42e629e2652f07fcc90432cbfda10198c8dd9a2b	2026-09-24T02:06:01	none	0
crypto/internal/hpke	S-G	G-LAPTOP	verdict	1	2026-09-24T02:55:23	2026-09-24T02:55:57	34	34	10	PASS	19	0	0	19	0	none	NOT REWRITTEN	clean	rows\crypto__internal__hpke\sweep.log	61724860b49a84c373f1c0c6f76d8df3cbad9804	61724860b49a84c373f1c0c6f76d8df3cbad9804	cf743ca654fa9c3d80c80d0d42e629e2652f07fcc90432cbfda10198c8dd9a2b	2026-09-24T02:06:01	none	0
crypto/internal/sysrand	S-G	G-LAPTOP	verdict	1	2026-09-24T02:55:58	2026-09-24T02:56:40	42	41	10	PASS	6	0	0	6	0	none	NOT REWRITTEN	clean	rows\crypto__internal__sysrand\sweep.log	61724860b49a84c373f1c0c6f76d8df3cbad9804	61724860b49a84c373f1c0c6f76d8df3cbad9804	cf743ca654fa9c3d80c80d0d42e629e2652f07fcc90432cbfda10198c8dd9a2b	2026-09-24T02:06:01	none	0
crypto/md5	S-G	G-LAPTOP	verdict	1	2026-09-24T02:56:41	2026-09-24T02:57:11	30	29	10	PASS	11	1	1	11	1	none	NOT REWRITTEN	clean	rows\crypto__md5\sweep.log	61724860b49a84c373f1c0c6f76d8df3cbad9804	61724860b49a84c373f1c0c6f76d8df3cbad9804	cf743ca654fa9c3d80c80d0d42e629e2652f07fcc90432cbfda10198c8dd9a2b	2026-09-24T02:06:01	none	0
crypto/mlkem	S-G	G-LAPTOP	verdict	1	2026-09-24T02:57:12	2026-09-24T02:57:56	44	43	30	PASS	8	0	0	8	0	none	NOT REWRITTEN	clean	rows\crypto__mlkem\sweep.log	61724860b49a84c373f1c0c6f76d8df3cbad9804	61724860b49a84c373f1c0c6f76d8df3cbad9804	cf743ca654fa9c3d80c80d0d42e629e2652f07fcc90432cbfda10198c8dd9a2b	2026-09-24T02:06:01	none	0
crypto/pbkdf2	S-G	G-LAPTOP	verdict	1	2026-09-24T02:57:57	2026-09-24T02:58:25	28	27	10	PASS	5	0	0	5	0	none	NOT REWRITTEN	clean	rows\crypto__pbkdf2\sweep.log	61724860b49a84c373f1c0c6f76d8df3cbad9804	61724860b49a84c373f1c0c6f76d8df3cbad9804	cf743ca654fa9c3d80c80d0d42e629e2652f07fcc90432cbfda10198c8dd9a2b	2026-09-24T02:06:01	none	0
crypto/rand	S-G	G-LAPTOP	verdict	1	2026-09-24T02:58:26	2026-09-24T02:59:19	53	53	10	PASS	314	1	1	314	1	none	NOT REWRITTEN	clean	rows\crypto__rand\sweep.log	61724860b49a84c373f1c0c6f76d8df3cbad9804	61724860b49a84c373f1c0c6f76d8df3cbad9804	cf743ca654fa9c3d80c80d0d42e629e2652f07fcc90432cbfda10198c8dd9a2b	2026-09-24T02:06:01	none	0
crypto/rc4	S-G	G-LAPTOP	verdict	1	2026-09-24T02:59:20	2026-09-24T02:59:48	28	27	10	PASS	75	0	0	75	0	none	NOT REWRITTEN	clean	rows\crypto__rc4\sweep.log	61724860b49a84c373f1c0c6f76d8df3cbad9804	61724860b49a84c373f1c0c6f76d8df3cbad9804	cf743ca654fa9c3d80c80d0d42e629e2652f07fcc90432cbfda10198c8dd9a2b	2026-09-24T02:06:01	none	0
crypto/rsa	S-G	G-LAPTOP	verdict	1	2026-09-24T02:59:49	2026-09-24T03:01:54	125	124	10	PASS	568	1	1	568	1	none	NOT REWRITTEN	clean	rows\crypto__rsa\sweep.log	61724860b49a84c373f1c0c6f76d8df3cbad9804	61724860b49a84c373f1c0c6f76d8df3cbad9804	cf743ca654fa9c3d80c80d0d42e629e2652f07fcc90432cbfda10198c8dd9a2b	2026-09-24T02:06:01	none	0
crypto/sha1	S-G	G-LAPTOP	verdict	1	2026-09-24T03:01:56	2026-09-24T03:02:24	28	27	10	PASS	12	1	1	12	1	none	NOT REWRITTEN	clean	rows\crypto__sha1\sweep.log	61724860b49a84c373f1c0c6f76d8df3cbad9804	61724860b49a84c373f1c0c6f76d8df3cbad9804	cf743ca654fa9c3d80c80d0d42e629e2652f07fcc90432cbfda10198c8dd9a2b	2026-09-24T02:06:01	none	0
crypto/sha256	S-G	G-LAPTOP	verdict	1	2026-09-24T03:02:25	2026-09-24T03:02:53	28	27	10	PASS	22	1	1	22	1	none	NOT REWRITTEN	clean	rows\crypto__sha256\sweep.log	61724860b49a84c373f1c0c6f76d8df3cbad9804	61724860b49a84c373f1c0c6f76d8df3cbad9804	cf743ca654fa9c3d80c80d0d42e629e2652f07fcc90432cbfda10198c8dd9a2b	2026-09-24T02:06:01	none	0
crypto/sha3	S-G	G-LAPTOP	verdict	1	2026-09-24T03:02:54	2026-09-24T03:03:40	46	45	10	PASS	18	5	5	18	5	none	NOT REWRITTEN	clean	rows\crypto__sha3\sweep.log	61724860b49a84c373f1c0c6f76d8df3cbad9804	61724860b49a84c373f1c0c6f76d8df3cbad9804	cf743ca654fa9c3d80c80d0d42e629e2652f07fcc90432cbfda10198c8dd9a2b	2026-09-24T02:06:01	none	0
crypto/sha512	S-G	G-LAPTOP	verdict	1	2026-09-24T03:03:41	2026-09-24T03:04:09	28	27	10	PASS	35	1	1	35	1	none	NOT REWRITTEN	clean	rows\crypto__sha512\sweep.log	61724860b49a84c373f1c0c6f76d8df3cbad9804	61724860b49a84c373f1c0c6f76d8df3cbad9804	cf743ca654fa9c3d80c80d0d42e629e2652f07fcc90432cbfda10198c8dd9a2b	2026-09-24T02:06:01	none	0
crypto/subtle	S-G	G-LAPTOP	verdict	1	2026-09-24T03:04:10	2026-09-24T03:05:01	51	50	10	PASS	9	0	0	9	0	none	NOT REWRITTEN	clean	rows\crypto__subtle\sweep.log	61724860b49a84c373f1c0c6f76d8df3cbad9804	61724860b49a84c373f1c0c6f76d8df3cbad9804	cf743ca654fa9c3d80c80d0d42e629e2652f07fcc90432cbfda10198c8dd9a2b	2026-09-24T02:06:01	none	0
crypto/x509	S-G	G-LAPTOP	verdict	1	2026-09-24T03:05:03	2026-09-24T03:08:42	219	219	10	PASS	518	0	0	518	0	none	NOT REWRITTEN	auto=0 test-artifacts=0 production=1	rows\crypto__x509\sweep.log	61724860b49a84c373f1c0c6f76d8df3cbad9804	61724860b49a84c373f1c0c6f76d8df3cbad9804	cf743ca654fa9c3d80c80d0d42e629e2652f07fcc90432cbfda10198c8dd9a2b	2026-09-24T02:06:01	none	0
database/sql	S-G	G-LAPTOP	verdict	1	2026-09-24T03:08:43	2026-09-24T03:10:42	119	118	10	PASS	140	2	2	140	2	none	NOT REWRITTEN	clean	rows\database__sql\sweep.log	61724860b49a84c373f1c0c6f76d8df3cbad9804	61724860b49a84c373f1c0c6f76d8df3cbad9804	cf743ca654fa9c3d80c80d0d42e629e2652f07fcc90432cbfda10198c8dd9a2b	2026-09-24T02:06:01	none	0
database/sql/driver	S-G	G-LAPTOP	verdict	1	2026-09-24T03:10:44	2026-09-24T03:11:06	22	21	10	PASS	1	0	0	1	0	none	NOT REWRITTEN	clean	rows\database__sql__driver\sweep.log	61724860b49a84c373f1c0c6f76d8df3cbad9804	61724860b49a84c373f1c0c6f76d8df3cbad9804	cf743ca654fa9c3d80c80d0d42e629e2652f07fcc90432cbfda10198c8dd9a2b	2026-09-24T02:06:01	none	0
debug/buildinfo	S-G	G-LAPTOP	verdict	1	2026-09-24T03:11:07	2026-09-24T03:11:58	51	50	10	PASS	211	0	0	211	0	none	NOT REWRITTEN	clean	rows\debug__buildinfo\sweep.log	61724860b49a84c373f1c0c6f76d8df3cbad9804	61724860b49a84c373f1c0c6f76d8df3cbad9804	cf743ca654fa9c3d80c80d0d42e629e2652f07fcc90432cbfda10198c8dd9a2b	2026-09-24T02:06:01	none	0
debug/dwarf	S-G	G-LAPTOP	verdict	1	2026-09-24T03:11:59	2026-09-24T03:12:32	33	32	10	PASS	40	0	0	40	0	none	NOT REWRITTEN	clean	rows\debug__dwarf\sweep.log	61724860b49a84c373f1c0c6f76d8df3cbad9804	61724860b49a84c373f1c0c6f76d8df3cbad9804	cf743ca654fa9c3d80c80d0d42e629e2652f07fcc90432cbfda10198c8dd9a2b	2026-09-24T02:06:01	none	0
debug/elf	S-G	G-LAPTOP	verdict	1	2026-09-24T03:12:33	2026-09-24T03:13:11	38	37	10	PASS	31	0	0	31	0	none	NOT REWRITTEN	clean	rows\debug__elf\sweep.log	61724860b49a84c373f1c0c6f76d8df3cbad9804	61724860b49a84c373f1c0c6f76d8df3cbad9804	cf743ca654fa9c3d80c80d0d42e629e2652f07fcc90432cbfda10198c8dd9a2b	2026-09-24T02:06:01	none	0
debug/gosym	S-G	G-LAPTOP	verdict	1	2026-09-24T03:13:12	2026-09-24T03:13:43	31	30	10	PASS	10	0	0	10	0	none	NOT REWRITTEN	clean	rows\debug__gosym\sweep.log	61724860b49a84c373f1c0c6f76d8df3cbad9804	61724860b49a84c373f1c0c6f76d8df3cbad9804	cf743ca654fa9c3d80c80d0d42e629e2652f07fcc90432cbfda10198c8dd9a2b	2026-09-24T02:06:01	none	0
debug/macho	S-G	G-LAPTOP	verdict	1	2026-09-24T03:13:44	2026-09-24T03:14:10	26	25	10	PASS	7	0	0	7	0	none	NOT REWRITTEN	clean	rows\debug__macho\sweep.log	61724860b49a84c373f1c0c6f76d8df3cbad9804	61724860b49a84c373f1c0c6f76d8df3cbad9804	cf743ca654fa9c3d80c80d0d42e629e2652f07fcc90432cbfda10198c8dd9a2b	2026-09-24T02:06:01	none	0
debug/pe	S-G	G-LAPTOP	verdict	1	2026-09-24T03:14:12	2026-09-24T03:14:52	40	39	10	PASS	10	0	0	10	0	none	NOT REWRITTEN	clean	rows\debug__pe\sweep.log	61724860b49a84c373f1c0c6f76d8df3cbad9804	61724860b49a84c373f1c0c6f76d8df3cbad9804	cf743ca654fa9c3d80c80d0d42e629e2652f07fcc90432cbfda10198c8dd9a2b	2026-09-24T02:06:01	none	0
debug/plan9obj	S-G	G-LAPTOP	verdict	1	2026-09-24T03:14:53	2026-09-24T03:15:15	22	22	10	PASS	2	0	0	2	0	none	NOT REWRITTEN	clean	rows\debug__plan9obj\sweep.log	61724860b49a84c373f1c0c6f76d8df3cbad9804	61724860b49a84c373f1c0c6f76d8df3cbad9804	cf743ca654fa9c3d80c80d0d42e629e2652f07fcc90432cbfda10198c8dd9a2b	2026-09-24T02:06:01	none	0
embed/internal/embedtest	S-G	G-LAPTOP	verdict	1	2026-09-24T03:15:37	2026-09-24T03:17:41	125	124	10	PASS	7	0	0	7	0	none	NOT REWRITTEN	clean	rows\embed__internal__embedtest\sweep.log	61724860b49a84c373f1c0c6f76d8df3cbad9804	61724860b49a84c373f1c0c6f76d8df3cbad9804	cf743ca654fa9c3d80c80d0d42e629e2652f07fcc90432cbfda10198c8dd9a2b	2026-09-24T02:06:01	none	0
encoding/ascii85	S-G	G-LAPTOP	verdict	1	2026-09-24T03:17:42	2026-09-24T03:18:06	24	23	10	PASS	9	0	0	9	0	none	NOT REWRITTEN	clean	rows\encoding__ascii85\sweep.log	61724860b49a84c373f1c0c6f76d8df3cbad9804	61724860b49a84c373f1c0c6f76d8df3cbad9804	cf743ca654fa9c3d80c80d0d42e629e2652f07fcc90432cbfda10198c8dd9a2b	2026-09-24T02:06:01	none	0
encoding/asn1	S-G	G-LAPTOP	verdict	1	2026-09-24T03:18:07	2026-09-24T03:18:38	31	30	10	PASS	40	0	0	40	0	none	NOT REWRITTEN	clean	rows\encoding__asn1\sweep.log	61724860b49a84c373f1c0c6f76d8df3cbad9804	61724860b49a84c373f1c0c6f76d8df3cbad9804	cf743ca654fa9c3d80c80d0d42e629e2652f07fcc90432cbfda10198c8dd9a2b	2026-09-24T02:06:01	none	0
encoding/base32	S-G	G-LAPTOP	verdict	1	2026-09-24T03:18:39	2026-09-24T03:19:03	24	23	10	PASS	26	0	0	26	0	none	NOT REWRITTEN	clean	rows\encoding__base32\sweep.log	61724860b49a84c373f1c0c6f76d8df3cbad9804	61724860b49a84c373f1c0c6f76d8df3cbad9804	cf743ca654fa9c3d80c80d0d42e629e2652f07fcc90432cbfda10198c8dd9a2b	2026-09-24T02:06:01	none	0
encoding/base64	S-G	G-LAPTOP	verdict	1	2026-09-24T03:19:04	2026-09-24T03:19:28	25	24	10	PASS	17	0	0	17	0	none	NOT REWRITTEN	clean	rows\encoding__base64\sweep.log	61724860b49a84c373f1c0c6f76d8df3cbad9804	61724860b49a84c373f1c0c6f76d8df3cbad9804	cf743ca654fa9c3d80c80d0d42e629e2652f07fcc90432cbfda10198c8dd9a2b	2026-09-24T02:06:01	none	0
encoding/binary	S-G	G-LAPTOP	verdict	1	2026-09-24T03:19:29	2026-09-24T03:19:53	24	23	10	PASS	140	6	6	140	6	none	NOT REWRITTEN	clean	rows\encoding__binary\sweep.log	61724860b49a84c373f1c0c6f76d8df3cbad9804	61724860b49a84c373f1c0c6f76d8df3cbad9804	cf743ca654fa9c3d80c80d0d42e629e2652f07fcc90432cbfda10198c8dd9a2b	2026-09-24T02:06:01	none	0
encoding/csv	S-G	G-LAPTOP	verdict	1	2026-09-24T03:19:54	2026-09-24T03:20:18	24	23	10	PASS	71	0	0	71	0	none	NOT REWRITTEN	clean	rows\encoding__csv\sweep.log	61724860b49a84c373f1c0c6f76d8df3cbad9804	61724860b49a84c373f1c0c6f76d8df3cbad9804	cf743ca654fa9c3d80c80d0d42e629e2652f07fcc90432cbfda10198c8dd9a2b	2026-09-24T02:06:01	none	0
encoding/gob	S-G	G-LAPTOP	verdict	1	2026-09-24T03:20:19	2026-09-24T03:21:36	77	76	10	PASS	106	0	0	106	0	none	NOT REWRITTEN	auto=0 test-artifacts=0 production=1	rows\encoding__gob\sweep.log	61724860b49a84c373f1c0c6f76d8df3cbad9804	61724860b49a84c373f1c0c6f76d8df3cbad9804	cf743ca654fa9c3d80c80d0d42e629e2652f07fcc90432cbfda10198c8dd9a2b	2026-09-24T02:06:01	none	0
encoding/hex	S-G	G-LAPTOP	verdict	1	2026-09-24T03:21:37	2026-09-24T03:22:00	23	22	10	PASS	12	0	0	12	0	none	NOT REWRITTEN	clean	rows\encoding__hex\sweep.log	61724860b49a84c373f1c0c6f76d8df3cbad9804	61724860b49a84c373f1c0c6f76d8df3cbad9804	cf743ca654fa9c3d80c80d0d42e629e2652f07fcc90432cbfda10198c8dd9a2b	2026-09-24T02:06:01	none	0
encoding/json	S-G	G-LAPTOP	verdict	1	2026-09-24T03:22:01	2026-09-24T03:24:34	153	152	10	PASS	532	0	0	532	0	none	NOT REWRITTEN	clean	rows\encoding__json\sweep.log	61724860b49a84c373f1c0c6f76d8df3cbad9804	61724860b49a84c373f1c0c6f76d8df3cbad9804	cf743ca654fa9c3d80c80d0d42e629e2652f07fcc90432cbfda10198c8dd9a2b	2026-09-24T02:06:01	none	0
encoding/xml	S-G	G-LAPTOP	verdict	1	2026-09-24T03:24:35	2026-09-24T03:25:32	56	56	10	PASS	387	0	0	387	0	none	NOT REWRITTEN	auto=0 test-artifacts=0 production=1	rows\encoding__xml\sweep.log	61724860b49a84c373f1c0c6f76d8df3cbad9804	61724860b49a84c373f1c0c6f76d8df3cbad9804	cf743ca654fa9c3d80c80d0d42e629e2652f07fcc90432cbfda10198c8dd9a2b	2026-09-24T02:06:01	none	0
encoding/pem	S-G	G-LAPTOP	verdict	1	2026-09-24T03:25:33	2026-09-24T03:25:58	25	24	10	PASS	18	0	0	18	0	none	NOT REWRITTEN	clean	rows\encoding__pem\sweep.log	61724860b49a84c373f1c0c6f76d8df3cbad9804	61724860b49a84c373f1c0c6f76d8df3cbad9804	cf743ca654fa9c3d80c80d0d42e629e2652f07fcc90432cbfda10198c8dd9a2b	2026-09-24T02:06:01	none	0
errors	S-G	G-LAPTOP	verdict	1	2026-09-24T03:25:59	2026-09-24T03:26:21	22	21	10	PASS	61	0	0	61	0	none	NOT REWRITTEN	clean	rows\errors\sweep.log	61724860b49a84c373f1c0c6f76d8df3cbad9804	61724860b49a84c373f1c0c6f76d8df3cbad9804	cf743ca654fa9c3d80c80d0d42e629e2652f07fcc90432cbfda10198c8dd9a2b	2026-09-24T02:06:01	none	0
expvar	S-G	G-LAPTOP	verdict	1	2026-09-24T03:26:22	2026-09-24T03:27:06	44	43	10	PASS	11	0	0	11	0	none	NOT REWRITTEN	clean	rows\expvar\sweep.log	61724860b49a84c373f1c0c6f76d8df3cbad9804	61724860b49a84c373f1c0c6f76d8df3cbad9804	cf743ca654fa9c3d80c80d0d42e629e2652f07fcc90432cbfda10198c8dd9a2b	2026-09-24T02:06:01	none	0
flag	S-G	G-LAPTOP	verdict	1	2026-09-24T03:27:08	2026-09-24T03:27:40	32	32	10	PASS	24	0	0	24	0	none	NOT REWRITTEN	auto=0 test-artifacts=0 production=1	rows\flag\sweep.log	61724860b49a84c373f1c0c6f76d8df3cbad9804	61724860b49a84c373f1c0c6f76d8df3cbad9804	cf743ca654fa9c3d80c80d0d42e629e2652f07fcc90432cbfda10198c8dd9a2b	2026-09-24T02:06:01	none	0
fmt	S-G	G-LAPTOP	verdict	1	2026-09-24T03:27:41	2026-09-24T03:28:26	44	44	10	PASS	62	1	1	62	1	none	NOT REWRITTEN	clean	rows\fmt\sweep.log	61724860b49a84c373f1c0c6f76d8df3cbad9804	61724860b49a84c373f1c0c6f76d8df3cbad9804	cf743ca654fa9c3d80c80d0d42e629e2652f07fcc90432cbfda10198c8dd9a2b	2026-09-24T02:06:01	none	0
go/ast	S-G	G-LAPTOP	verdict	1	2026-09-24T03:28:27	2026-09-24T03:29:09	42	42	10	PASS	9	0	0	9	0	none	NOT REWRITTEN	clean	rows\go__ast\sweep.log	61724860b49a84c373f1c0c6f76d8df3cbad9804	61724860b49a84c373f1c0c6f76d8df3cbad9804	cf743ca654fa9c3d80c80d0d42e629e2652f07fcc90432cbfda10198c8dd9a2b	2026-09-24T02:06:01	none	0
go/ast/internal/tests	S-G	G-LAPTOP	verdict	1	2026-09-24T03:29:11	2026-09-24T03:29:34	23	22	10	PASS	3	0	0	3	0	none	NOT REWRITTEN	clean	rows\go__ast__internal__tests\sweep.log	61724860b49a84c373f1c0c6f76d8df3cbad9804	61724860b49a84c373f1c0c6f76d8df3cbad9804	cf743ca654fa9c3d80c80d0d42e629e2652f07fcc90432cbfda10198c8dd9a2b	2026-09-24T02:06:01	none	0
go/build	S-G	G-LAPTOP	verdict	1	2026-09-24T03:29:35	2026-09-24T03:30:53	78	77	10	PASS	57	1	1	57	1	none	NOT REWRITTEN	auto=0 test-artifacts=0 production=1	rows\go__build\sweep.log	61724860b49a84c373f1c0c6f76d8df3cbad9804	61724860b49a84c373f1c0c6f76d8df3cbad9804	cf743ca654fa9c3d80c80d0d42e629e2652f07fcc90432cbfda10198c8dd9a2b	2026-09-24T02:06:01	none	0
go/build/constraint	S-G	G-LAPTOP	verdict	1	2026-09-24T03:30:55	2026-09-24T03:31:17	22	21	10	PASS	89	0	0	89	0	none	NOT REWRITTEN	clean	rows\go__build__constraint\sweep.log	61724860b49a84c373f1c0c6f76d8df3cbad9804	61724860b49a84c373f1c0c6f76d8df3cbad9804	cf743ca654fa9c3d80c80d0d42e629e2652f07fcc90432cbfda10198c8dd9a2b	2026-09-24T02:06:01	none	0
go/constant	S-G	G-LAPTOP	verdict	1	2026-09-24T03:31:18	2026-09-24T03:31:43	25	24	10	PASS	9	0	0	9	0	none	NOT REWRITTEN	clean	rows\go__constant\sweep.log	61724860b49a84c373f1c0c6f76d8df3cbad9804	61724860b49a84c373f1c0c6f76d8df3cbad9804	cf743ca654fa9c3d80c80d0d42e629e2652f07fcc90432cbfda10198c8dd9a2b	2026-09-24T02:06:01	none	0
go/doc	S-G	G-LAPTOP	verdict	1	2026-09-24T03:31:44	2026-09-24T03:32:24	40	39	10	PASS	86	0	0	86	0	none	NOT REWRITTEN	clean	rows\go__doc\sweep.log	61724860b49a84c373f1c0c6f76d8df3cbad9804	61724860b49a84c373f1c0c6f76d8df3cbad9804	cf743ca654fa9c3d80c80d0d42e629e2652f07fcc90432cbfda10198c8dd9a2b	2026-09-24T02:06:01	none	0
go/doc/comment	S-G	G-LAPTOP	verdict	1	2026-09-24T03:32:26	2026-09-24T03:32:58	32	32	10	PASS	10059	0	0	10059	0	none	NOT REWRITTEN	clean	rows\go__doc__comment\sweep.log	61724860b49a84c373f1c0c6f76d8df3cbad9804	61724860b49a84c373f1c0c6f76d8df3cbad9804	cf743ca654fa9c3d80c80d0d42e629e2652f07fcc90432cbfda10198c8dd9a2b	2026-09-24T02:06:01	none	0
go/format	S-G	G-LAPTOP	verdict	1	2026-09-24T03:33:00	2026-09-24T03:33:26	26	26	10	PASS	4	0	0	4	0	none	NOT REWRITTEN	clean	rows\go__format\sweep.log	61724860b49a84c373f1c0c6f76d8df3cbad9804	61724860b49a84c373f1c0c6f76d8df3cbad9804	cf743ca654fa9c3d80c80d0d42e629e2652f07fcc90432cbfda10198c8dd9a2b	2026-09-24T02:06:01	none	0
go/importer	S-G	G-LAPTOP	verdict	1	2026-09-24T03:33:27	2026-09-24T03:34:48	81	80	10	PASS	3	0	0	3	0	none	NOT REWRITTEN	clean	rows\go__importer\sweep.log	61724860b49a84c373f1c0c6f76d8df3cbad9804	61724860b49a84c373f1c0c6f76d8df3cbad9804	cf743ca654fa9c3d80c80d0d42e629e2652f07fcc90432cbfda10198c8dd9a2b	2026-09-24T02:06:01	none	0
go/internal/gccgoimporter	S-G	G-LAPTOP	verdict	1	2026-09-24T03:34:49	2026-09-24T03:35:21	32	31	10	PASS	4	0	0	4	0	none	NOT REWRITTEN	clean	rows\go__internal__gccgoimporter\sweep.log	61724860b49a84c373f1c0c6f76d8df3cbad9804	61724860b49a84c373f1c0c6f76d8df3cbad9804	cf743ca654fa9c3d80c80d0d42e629e2652f07fcc90432cbfda10198c8dd9a2b	2026-09-24T02:06:01	none	0
go/internal/gcimporter	S-G	G-LAPTOP	verdict	1	2026-09-24T03:35:22	2026-09-24T03:40:49	327	327	10	PASS	621	0	0	621	0	none	NOT REWRITTEN	clean	rows\go__internal__gcimporter\sweep.log	61724860b49a84c373f1c0c6f76d8df3cbad9804	61724860b49a84c373f1c0c6f76d8df3cbad9804	cf743ca654fa9c3d80c80d0d42e629e2652f07fcc90432cbfda10198c8dd9a2b	2026-09-24T02:06:01	none	0
go/internal/srcimporter	S-G	G-LAPTOP	verdict	1	2026-09-24T03:40:51	2026-09-24T03:41:29	38	38	10	PASS	7	0	0	7	0	none	NOT REWRITTEN	clean	rows\go__internal__srcimporter\sweep.log	61724860b49a84c373f1c0c6f76d8df3cbad9804	61724860b49a84c373f1c0c6f76d8df3cbad9804	cf743ca654fa9c3d80c80d0d42e629e2652f07fcc90432cbfda10198c8dd9a2b	2026-09-24T02:06:01	none	0
go/parser	S-G	G-LAPTOP	verdict	1	2026-09-24T03:41:30	2026-09-24T03:47:21	351	350	90	PASS	176	0	0	176	0	none	NOT REWRITTEN	clean	rows\go__parser\sweep.log	61724860b49a84c373f1c0c6f76d8df3cbad9804	61724860b49a84c373f1c0c6f76d8df3cbad9804	cf743ca654fa9c3d80c80d0d42e629e2652f07fcc90432cbfda10198c8dd9a2b	2026-09-24T02:06:01	none	0
go/printer	S-G	G-LAPTOP	verdict	1	2026-09-24T03:47:23	2026-09-24T03:47:51	28	27	10	PASS	45	0	0	45	0	none	NOT REWRITTEN	auto=0 test-artifacts=0 production=2	rows\go__printer\sweep.log	61724860b49a84c373f1c0c6f76d8df3cbad9804	61724860b49a84c373f1c0c6f76d8df3cbad9804	cf743ca654fa9c3d80c80d0d42e629e2652f07fcc90432cbfda10198c8dd9a2b	2026-09-24T02:06:01	none	0
go/scanner	S-G	G-LAPTOP	verdict	1	2026-09-24T03:48:14	2026-09-24T03:50:19	125	124	10	PASS	11	0	0	11	0	none	NOT REWRITTEN	clean	rows\go__scanner\sweep.log	61724860b49a84c373f1c0c6f76d8df3cbad9804	61724860b49a84c373f1c0c6f76d8df3cbad9804	cf743ca654fa9c3d80c80d0d42e629e2652f07fcc90432cbfda10198c8dd9a2b	2026-09-24T02:06:01	none	0
go/token	S-G	G-LAPTOP	verdict	1	2026-09-24T03:50:20	2026-09-24T03:50:53	33	32	10	PASS	31	0	0	31	0	none	NOT REWRITTEN	clean	rows\go__token\sweep.log	61724860b49a84c373f1c0c6f76d8df3cbad9804	61724860b49a84c373f1c0c6f76d8df3cbad9804	cf743ca654fa9c3d80c80d0d42e629e2652f07fcc90432cbfda10198c8dd9a2b	2026-09-24T02:06:01	none	0
go/types	S-G	G-LAPTOP	verdict	1	2026-09-24T03:50:54	2026-09-24T03:54:56	242	241	10	PASS	574	0	0	574	0	none	NOT REWRITTEN	auto=0 test-artifacts=0 production=1	rows\go__types\sweep.log	61724860b49a84c373f1c0c6f76d8df3cbad9804	61724860b49a84c373f1c0c6f76d8df3cbad9804	cf743ca654fa9c3d80c80d0d42e629e2652f07fcc90432cbfda10198c8dd9a2b	2026-09-24T02:06:01	none	0
go/version	S-G	G-LAPTOP	verdict	1	2026-09-24T03:54:57	2026-09-24T03:55:20	23	22	10	PASS	3	0	0	3	0	none	NOT REWRITTEN	clean	rows\go__version\sweep.log	61724860b49a84c373f1c0c6f76d8df3cbad9804	61724860b49a84c373f1c0c6f76d8df3cbad9804	cf743ca654fa9c3d80c80d0d42e629e2652f07fcc90432cbfda10198c8dd9a2b	2026-09-24T02:06:01	none	0
hash	S-G	G-LAPTOP	verdict	1	2026-09-24T03:55:22	2026-09-24T03:55:52	31	30	10	PASS	18	0	0	18	0	none	NOT REWRITTEN	clean	rows\hash\sweep.log	61724860b49a84c373f1c0c6f76d8df3cbad9804	61724860b49a84c373f1c0c6f76d8df3cbad9804	cf743ca654fa9c3d80c80d0d42e629e2652f07fcc90432cbfda10198c8dd9a2b	2026-09-24T02:06:01	none	0
hash/adler32	S-G	G-LAPTOP	verdict	1	2026-09-24T03:55:54	2026-09-24T03:56:15	22	21	10	PASS	2	0	0	2	0	none	NOT REWRITTEN	clean	rows\hash__adler32\sweep.log	61724860b49a84c373f1c0c6f76d8df3cbad9804	61724860b49a84c373f1c0c6f76d8df3cbad9804	cf743ca654fa9c3d80c80d0d42e629e2652f07fcc90432cbfda10198c8dd9a2b	2026-09-24T02:06:01	none	0
hash/crc32	S-G	G-LAPTOP	verdict	1	2026-09-24T03:56:16	2026-09-24T03:56:40	24	23	10	PASS	10	0	0	10	0	none	NOT REWRITTEN	auto=0 test-artifacts=0 production=1	rows\hash__crc32\sweep.log	61724860b49a84c373f1c0c6f76d8df3cbad9804	61724860b49a84c373f1c0c6f76d8df3cbad9804	cf743ca654fa9c3d80c80d0d42e629e2652f07fcc90432cbfda10198c8dd9a2b	2026-09-24T02:06:01	none	0
hash/crc64	S-G	G-LAPTOP	verdict	1	2026-09-24T03:56:41	2026-09-24T03:57:02	21	21	10	PASS	5	0	0	5	0	none	NOT REWRITTEN	clean	rows\hash__crc64\sweep.log	61724860b49a84c373f1c0c6f76d8df3cbad9804	61724860b49a84c373f1c0c6f76d8df3cbad9804	cf743ca654fa9c3d80c80d0d42e629e2652f07fcc90432cbfda10198c8dd9a2b	2026-09-24T02:06:01	none	0
hash/fnv	S-G	G-LAPTOP	verdict	1	2026-09-24T03:57:03	2026-09-24T03:57:26	22	22	10	PASS	19	0	0	19	0	none	NOT REWRITTEN	clean	rows\hash__fnv\sweep.log	61724860b49a84c373f1c0c6f76d8df3cbad9804	61724860b49a84c373f1c0c6f76d8df3cbad9804	cf743ca654fa9c3d80c80d0d42e629e2652f07fcc90432cbfda10198c8dd9a2b	2026-09-24T02:06:01	none	0
hash/maphash	S-G	G-LAPTOP	verdict	1	2026-09-24T03:57:27	2026-09-24T04:03:03	336	336	60	PASS	59	0	0	59	0	none	NOT REWRITTEN	clean	rows\hash__maphash\sweep.log	61724860b49a84c373f1c0c6f76d8df3cbad9804	61724860b49a84c373f1c0c6f76d8df3cbad9804	cf743ca654fa9c3d80c80d0d42e629e2652f07fcc90432cbfda10198c8dd9a2b	2026-09-24T02:06:01	none	0
html	S-G	G-LAPTOP	verdict	1	2026-09-24T04:03:04	2026-09-24T04:03:27	23	22	10	PASS	3	0	0	3	0	none	NOT REWRITTEN	clean	rows\html\sweep.log	61724860b49a84c373f1c0c6f76d8df3cbad9804	61724860b49a84c373f1c0c6f76d8df3cbad9804	cf743ca654fa9c3d80c80d0d42e629e2652f07fcc90432cbfda10198c8dd9a2b	2026-09-24T02:06:01	none	0
html/template	S-G	G-LAPTOP	verdict	1	2026-09-24T04:03:28	2026-09-24T04:04:28	60	60	10	PASS	243	0	0	243	0	none	NOT REWRITTEN	auto=0 test-artifacts=0 production=1	rows\html__template\sweep.log	61724860b49a84c373f1c0c6f76d8df3cbad9804	61724860b49a84c373f1c0c6f76d8df3cbad9804	cf743ca654fa9c3d80c80d0d42e629e2652f07fcc90432cbfda10198c8dd9a2b	2026-09-24T02:06:01	none	0
image	S-G	G-LAPTOP	verdict	1	2026-09-24T04:04:30	2026-09-24T04:05:05	35	34	10	PASS	8	0	0	8	0	none	NOT REWRITTEN	clean	rows\image\sweep.log	61724860b49a84c373f1c0c6f76d8df3cbad9804	61724860b49a84c373f1c0c6f76d8df3cbad9804	cf743ca654fa9c3d80c80d0d42e629e2652f07fcc90432cbfda10198c8dd9a2b	2026-09-24T02:06:01	none	0
image/color	S-G	G-LAPTOP	verdict	1	2026-09-24T04:05:06	2026-09-24T04:05:29	23	22	10	PASS	10	0	0	10	0	none	NOT REWRITTEN	clean	rows\image__color\sweep.log	61724860b49a84c373f1c0c6f76d8df3cbad9804	61724860b49a84c373f1c0c6f76d8df3cbad9804	cf743ca654fa9c3d80c80d0d42e629e2652f07fcc90432cbfda10198c8dd9a2b	2026-09-24T02:06:01	none	0
image/draw	S-G	G-LAPTOP	verdict	1	2026-09-24T04:05:30	2026-09-24T04:05:57	27	26	10	PASS	9	0	0	9	0	none	NOT REWRITTEN	clean	rows\image__draw\sweep.log	61724860b49a84c373f1c0c6f76d8df3cbad9804	61724860b49a84c373f1c0c6f76d8df3cbad9804	cf743ca654fa9c3d80c80d0d42e629e2652f07fcc90432cbfda10198c8dd9a2b	2026-09-24T02:06:01	none	0
image/gif	S-G	G-LAPTOP	verdict	1	2026-09-24T04:05:58	2026-09-24T04:06:32	34	33	10	PASS	28	0	0	28	0	none	NOT REWRITTEN	clean	rows\image__gif\sweep.log	61724860b49a84c373f1c0c6f76d8df3cbad9804	61724860b49a84c373f1c0c6f76d8df3cbad9804	cf743ca654fa9c3d80c80d0d42e629e2652f07fcc90432cbfda10198c8dd9a2b	2026-09-24T02:06:01	none	0
image/jpeg	S-G	G-LAPTOP	verdict	1	2026-09-24T04:06:34	2026-09-24T04:07:01	28	27	10	PASS	14	0	0	14	0	none	NOT REWRITTEN	clean	rows\image__jpeg\sweep.log	61724860b49a84c373f1c0c6f76d8df3cbad9804	61724860b49a84c373f1c0c6f76d8df3cbad9804	cf743ca654fa9c3d80c80d0d42e629e2652f07fcc90432cbfda10198c8dd9a2b	2026-09-24T02:06:01	none	0
image/png	S-G	G-LAPTOP	verdict	1	2026-09-24T04:07:02	2026-09-24T04:07:31	29	28	10	PASS	28	0	0	28	0	none	NOT REWRITTEN	clean	rows\image__png\sweep.log	61724860b49a84c373f1c0c6f76d8df3cbad9804	61724860b49a84c373f1c0c6f76d8df3cbad9804	cf743ca654fa9c3d80c80d0d42e629e2652f07fcc90432cbfda10198c8dd9a2b	2026-09-24T02:06:01	none	0
index/suffixarray	S-G	G-LAPTOP	verdict	1	2026-09-24T04:07:33	2026-09-24T04:09:51	138	137	120	PASS	12	0	0	12	0	none	NOT REWRITTEN	clean	rows\index__suffixarray\sweep.log	61724860b49a84c373f1c0c6f76d8df3cbad9804	61724860b49a84c373f1c0c6f76d8df3cbad9804	cf743ca654fa9c3d80c80d0d42e629e2652f07fcc90432cbfda10198c8dd9a2b	2026-09-24T02:06:01	none	0
internal/abi	S-G	G-LAPTOP	verdict	1	2026-09-24T04:09:52	2026-09-24T04:10:20	28	27	10	PASS	1	1	1	1	1	none	NOT REWRITTEN	clean	rows\internal__abi\sweep.log	61724860b49a84c373f1c0c6f76d8df3cbad9804	61724860b49a84c373f1c0c6f76d8df3cbad9804	cf743ca654fa9c3d80c80d0d42e629e2652f07fcc90432cbfda10198c8dd9a2b	2026-09-24T02:06:01	none	0
internal/buildcfg	S-G	G-LAPTOP	verdict	1	2026-09-24T04:10:21	2026-09-24T04:10:43	22	21	10	PASS	4	0	0	4	0	none	NOT REWRITTEN	auto=0 test-artifacts=0 production=1	rows\internal__buildcfg\sweep.log	61724860b49a84c373f1c0c6f76d8df3cbad9804	61724860b49a84c373f1c0c6f76d8df3cbad9804	cf743ca654fa9c3d80c80d0d42e629e2652f07fcc90432cbfda10198c8dd9a2b	2026-09-24T02:06:01	none	0
internal/chacha8rand	S-G	G-LAPTOP	verdict	1	2026-09-24T04:10:44	2026-09-24T04:11:10	26	25	10	PASS	4	0	0	4	0	none	NOT REWRITTEN	clean	rows\internal__chacha8rand\sweep.log	61724860b49a84c373f1c0c6f76d8df3cbad9804	61724860b49a84c373f1c0c6f76d8df3cbad9804	cf743ca654fa9c3d80c80d0d42e629e2652f07fcc90432cbfda10198c8dd9a2b	2026-09-24T02:06:01	none	0
internal/coverage/cfile	S-G	G-LAPTOP	verdict	1	2026-09-24T04:11:11	2026-09-24T04:12:16	64	64	10	PASS	15	1	1	15	1	none	NOT REWRITTEN	clean	rows\internal__coverage__cfile\sweep.log	61724860b49a84c373f1c0c6f76d8df3cbad9804	61724860b49a84c373f1c0c6f76d8df3cbad9804	cf743ca654fa9c3d80c80d0d42e629e2652f07fcc90432cbfda10198c8dd9a2b	2026-09-24T02:06:01	none	0
internal/coverage/cformat	S-G	G-LAPTOP	verdict	1	2026-09-24T04:12:17	2026-09-24T04:12:39	22	22	10	PASS	2	0	0	2	0	none	NOT REWRITTEN	clean	rows\internal__coverage__cformat\sweep.log	61724860b49a84c373f1c0c6f76d8df3cbad9804	61724860b49a84c373f1c0c6f76d8df3cbad9804	cf743ca654fa9c3d80c80d0d42e629e2652f07fcc90432cbfda10198c8dd9a2b	2026-09-24T02:06:01	none	0
internal/coverage/cmerge	S-G	G-LAPTOP	verdict	1	2026-09-24T04:12:41	2026-09-24T04:13:02	22	21	10	PASS	2	0	0	2	0	none	NOT REWRITTEN	clean	rows\internal__coverage__cmerge\sweep.log	61724860b49a84c373f1c0c6f76d8df3cbad9804	61724860b49a84c373f1c0c6f76d8df3cbad9804	cf743ca654fa9c3d80c80d0d42e629e2652f07fcc90432cbfda10198c8dd9a2b	2026-09-24T02:06:01	none	0
internal/coverage/pods	S-G	G-LAPTOP	verdict	1	2026-09-24T04:13:03	2026-09-24T04:13:27	23	23	10	PASS	1	0	0	1	0	none	NOT REWRITTEN	clean	rows\internal__coverage__pods\sweep.log	61724860b49a84c373f1c0c6f76d8df3cbad9804	61724860b49a84c373f1c0c6f76d8df3cbad9804	cf743ca654fa9c3d80c80d0d42e629e2652f07fcc90432cbfda10198c8dd9a2b	2026-09-24T02:06:01	none	0
internal/coverage/slicereader	S-G	G-LAPTOP	verdict	1	2026-09-24T04:13:28	2026-09-24T04:13:49	21	21	10	PASS	1	0	0	1	0	none	NOT REWRITTEN	clean	rows\internal__coverage__slicereader\sweep.log	61724860b49a84c373f1c0c6f76d8df3cbad9804	61724860b49a84c373f1c0c6f76d8df3cbad9804	cf743ca654fa9c3d80c80d0d42e629e2652f07fcc90432cbfda10198c8dd9a2b	2026-09-24T02:06:01	none	0
internal/coverage/slicewriter	S-G	G-LAPTOP	verdict	1	2026-09-24T04:13:51	2026-09-24T04:14:12	22	21	10	PASS	1	0	0	1	0	none	NOT REWRITTEN	clean	rows\internal__coverage__slicewriter\sweep.log	61724860b49a84c373f1c0c6f76d8df3cbad9804	61724860b49a84c373f1c0c6f76d8df3cbad9804	cf743ca654fa9c3d80c80d0d42e629e2652f07fcc90432cbfda10198c8dd9a2b	2026-09-24T02:06:01	none	0
internal/coverage/test	S-G	G-LAPTOP	verdict	1	2026-09-24T04:14:13	2026-09-24T04:14:37	24	23	10	PASS	6	0	0	6	0	none	NOT REWRITTEN	clean	rows\internal__coverage__test\sweep.log	61724860b49a84c373f1c0c6f76d8df3cbad9804	61724860b49a84c373f1c0c6f76d8df3cbad9804	cf743ca654fa9c3d80c80d0d42e629e2652f07fcc90432cbfda10198c8dd9a2b	2026-09-24T02:06:01	none	0
internal/cpu	S-G	G-LAPTOP	verdict	1	2026-09-24T04:14:38	2026-09-24T04:15:02	24	23	10	PASS	8	0	0	8	0	none	NOT REWRITTEN	clean	rows\internal__cpu\sweep.log	61724860b49a84c373f1c0c6f76d8df3cbad9804	61724860b49a84c373f1c0c6f76d8df3cbad9804	cf743ca654fa9c3d80c80d0d42e629e2652f07fcc90432cbfda10198c8dd9a2b	2026-09-24T02:06:01	none	0
internal/dag	S-G	G-LAPTOP	verdict	1	2026-09-24T04:15:21	2026-09-24T04:17:22	121	120	10	PASS	6	0	0	6	0	none	NOT REWRITTEN	clean	rows\internal__dag\sweep.log	61724860b49a84c373f1c0c6f76d8df3cbad9804	61724860b49a84c373f1c0c6f76d8df3cbad9804	cf743ca654fa9c3d80c80d0d42e629e2652f07fcc90432cbfda10198c8dd9a2b	2026-09-24T02:06:01	none	0
internal/diff	S-G	G-LAPTOP	verdict	1	2026-09-24T04:17:23	2026-09-24T04:17:49	26	25	10	PASS	13	0	0	13	0	none	NOT REWRITTEN	clean	rows\internal__diff\sweep.log	61724860b49a84c373f1c0c6f76d8df3cbad9804	61724860b49a84c373f1c0c6f76d8df3cbad9804	cf743ca654fa9c3d80c80d0d42e629e2652f07fcc90432cbfda10198c8dd9a2b	2026-09-24T02:06:01	none	0
internal/fmtsort	S-G	G-LAPTOP	verdict	1	2026-09-24T04:17:50	2026-09-24T04:18:14	24	23	10	PASS	3	0	0	3	0	none	NOT REWRITTEN	clean	rows\internal__fmtsort\sweep.log	61724860b49a84c373f1c0c6f76d8df3cbad9804	61724860b49a84c373f1c0c6f76d8df3cbad9804	cf743ca654fa9c3d80c80d0d42e629e2652f07fcc90432cbfda10198c8dd9a2b	2026-09-24T02:06:01	none	0
internal/fuzz	S-G	G-LAPTOP	verdict	1	2026-09-24T04:18:15	2026-09-24T04:19:13	59	58	10	PASS	52	0	0	52	0	none	NOT REWRITTEN	auto=0 test-artifacts=0 production=1	rows\internal__fuzz\sweep.log	61724860b49a84c373f1c0c6f76d8df3cbad9804	61724860b49a84c373f1c0c6f76d8df3cbad9804	cf743ca654fa9c3d80c80d0d42e629e2652f07fcc90432cbfda10198c8dd9a2b	2026-09-24T02:06:01	none	0
internal/godebug	S-G	G-LAPTOP	verdict	1	2026-09-24T04:19:14	2026-09-24T04:19:56	41	41	10	PASS	5	0	0	5	0	none	NOT REWRITTEN	clean	rows\internal__godebug\sweep.log	61724860b49a84c373f1c0c6f76d8df3cbad9804	61724860b49a84c373f1c0c6f76d8df3cbad9804	cf743ca654fa9c3d80c80d0d42e629e2652f07fcc90432cbfda10198c8dd9a2b	2026-09-24T02:06:01	none	0
internal/godebugs	S-G	G-LAPTOP	verdict	1	2026-09-24T04:19:57	2026-09-24T04:21:11	75	74	10	PASS	1	0	0	1	0	none	NOT REWRITTEN	clean	rows\internal__godebugs\sweep.log	61724860b49a84c373f1c0c6f76d8df3cbad9804	61724860b49a84c373f1c0c6f76d8df3cbad9804	cf743ca654fa9c3d80c80d0d42e629e2652f07fcc90432cbfda10198c8dd9a2b	2026-09-24T02:06:01	none	0
os	S-G	G-LAPTOP	verdict	1	2026-09-24T04:21:12	2026-09-24T04:22:47	95	94	10	PASS	1105	2	2	1105	2	none	MOVED [TestNetworkSymbolicLink,TestReadStdin/c1/r1/├ñ├╢├╝,TestReadStdin/c1/r1/ΓÇ£hiΓÇ¥Γäó,TestReadStdin/c1/r1/πüé,TestReadStdin/c1/r1/≡ƒÖê≡ƒÖë≡ƒÖè,TestReadStdin/c1/r10/├ñ├╢├╝,TestReadStdin/c1/r10/ΓÇ£hiΓÇ¥Γäó,TestReadStdin/c1/r10/πüé,TestReadStdin/c1/r10/≡ƒÖê≡ƒÖë≡ƒÖè,TestReadStdin/c1/r100/├ñ├╢├╝,TestReadStdin/c1/r100/ΓÇ£hiΓÇ¥Γäó,TestReadStdin/c1/r100/πüé,TestReadStdin/c1/r100/≡ƒÖê≡ƒÖë≡ƒÖè,TestReadStdin/c1/r16/├ñ├╢├╝,TestReadStdin/c1/r16/ΓÇ£hiΓÇ¥Γäó,TestReadStdin/c1/r16/πüé,TestReadStdin/c1/r16/≡ƒÖê≡ƒÖë≡ƒÖè,TestReadStdin/c1/r2/├ñ├╢├╝,TestReadStdin/c1/r2/ΓÇ£hiΓÇ¥Γäó,TestReadStdin/c1/r2/πüé,TestReadStdin/c1/r2/≡ƒÖê≡ƒÖë≡ƒÖè,TestReadStdin/c1/r20/├ñ├╢├╝,TestReadStdin/c1/r20/ΓÇ£hiΓÇ¥Γäó,TestReadStdin/c1/r20/πüé,TestReadStdin/c1/r20/≡ƒÖê≡ƒÖë≡ƒÖè,TestReadStdin/c1/r3/├ñ├╢├╝,TestReadStdin/c1/r3/ΓÇ£hiΓÇ¥Γäó,TestReadStdin/c1/r3/πüé,TestReadStdin/c1/r3/≡ƒÖê≡ƒÖë≡ƒÖè,TestReadStdin/c1/r4/├ñ├╢├╝,TestReadStdin/c1/r4/ΓÇ£hiΓÇ¥Γäó,TestReadStdin/c1/r4/πüé,TestReadStdin/c1/r4/≡ƒÖê≡ƒÖë≡ƒÖè,TestReadStdin/c1/r5/├ñ├╢├╝,TestReadStdin/c1/r5/ΓÇ£hiΓÇ¥Γäó,TestReadStdin/c1/r5/πüé,TestReadStdin/c1/r5/≡ƒÖê≡ƒÖë≡ƒÖè,TestReadStdin/c1/r50/├ñ├╢├╝,TestReadStdin/c1/r50/ΓÇ£hiΓÇ¥Γäó,TestReadStdin/c1/r50/πüé,TestReadStdin/c1/r50/≡ƒÖê≡ƒÖë≡ƒÖè,TestReadStdin/c1/r8/├ñ├╢├╝,TestReadStdin/c1/r8/ΓÇ£hiΓÇ¥Γäó,TestReadStdin/c1/r8/πüé,TestReadStdin/c1/r8/≡ƒÖê≡ƒÖë≡ƒÖè,TestReadStdin/c10/r1/├ñ├╢├╝,TestReadStdin/c10/r1/ΓÇ£hiΓÇ¥Γäó,TestReadStdin/c10/r1/πüé,TestReadStdin/c10/r1/≡ƒÖê≡ƒÖë≡ƒÖè,TestReadStdin/c10/r10/├ñ├╢├╝,TestReadStdin/c10/r10/ΓÇ£hiΓÇ¥Γäó,TestReadStdin/c10/r10/πüé,TestReadStdin/c10/r10/≡ƒÖê≡ƒÖë≡ƒÖè,TestReadStdin/c10/r100/├ñ├╢├╝,TestReadStdin/c10/r100/ΓÇ£hiΓÇ¥Γäó,TestReadStdin/c10/r100/πüé,TestReadStdin/c10/r100/≡ƒÖê≡ƒÖë≡ƒÖè,TestReadStdin/c10/r16/├ñ├╢├╝,TestReadStdin/c10/r16/ΓÇ£hiΓÇ¥Γäó,TestReadStdin/c10/r16/πüé,TestReadStdin/c10/r16/≡ƒÖê≡ƒÖë≡ƒÖè,TestReadStdin/c10/r2/├ñ├╢├╝,TestReadStdin/c10/r2/ΓÇ£hiΓÇ¥Γäó,TestReadStdin/c10/r2/πüé,TestReadStdin/c10/r2/≡ƒÖê≡ƒÖë≡ƒÖè,TestReadStdin/c10/r20/├ñ├╢├╝,TestReadStdin/c10/r20/ΓÇ£hiΓÇ¥Γäó,TestReadStdin/c10/r20/πüé,TestReadStdin/c10/r20/≡ƒÖê≡ƒÖë≡ƒÖè,TestReadStdin/c10/r3/├ñ├╢├╝,TestReadStdin/c10/r3/ΓÇ£hiΓÇ¥Γäó,TestReadStdin/c10/r3/πüé,TestReadStdin/c10/r3/≡ƒÖê≡ƒÖë≡ƒÖè,TestReadStdin/c10/r4/├ñ├╢├╝,TestReadStdin/c10/r4/ΓÇ£hiΓÇ¥Γäó,TestReadStdin/c10/r4/πüé,TestReadStdin/c10/r4/≡ƒÖê≡ƒÖë≡ƒÖè,TestReadStdin/c10/r5/├ñ├╢├╝,TestReadStdin/c10/r5/ΓÇ£hiΓÇ¥Γäó,TestReadStdin/c10/r5/πüé,TestReadStdin/c10/r5/≡ƒÖê≡ƒÖë≡ƒÖè,TestReadStdin/c10/r50/├ñ├╢├╝,TestReadStdin/c10/r50/ΓÇ£hiΓÇ¥Γäó,TestReadStdin/c10/r50/πüé,TestReadStdin/c10/r50/≡ƒÖê≡ƒÖë≡ƒÖè,TestReadStdin/c10/r8/├ñ├╢├╝,TestReadStdin/c10/r8/ΓÇ£hiΓÇ¥Γäó,TestReadStdin/c10/r8/πüé,TestReadStdin/c10/r8/≡ƒÖê≡ƒÖë≡ƒÖè,TestReadStdin/c100/r1/├ñ├╢├╝,TestReadStdin/c100/r1/ΓÇ£hiΓÇ¥Γäó,TestReadStdin/c100/r1/πüé,TestReadStdin/c100/r1/≡ƒÖê≡ƒÖë≡ƒÖè,TestReadStdin/c100/r10/├ñ├╢├╝,TestReadStdin/c100/r10/ΓÇ£hiΓÇ¥Γäó,TestReadStdin/c100/r10/πüé,TestReadStdin/c100/r10/≡ƒÖê≡ƒÖë≡ƒÖè,TestReadStdin/c100/r100/├ñ├╢├╝,TestReadStdin/c100/r100/ΓÇ£hiΓÇ¥Γäó,TestReadStdin/c100/r100/πüé,TestReadStdin/c100/r100/≡ƒÖê≡ƒÖë≡ƒÖè,TestReadStdin/c100/r16/├ñ├╢├╝,TestReadStdin/c100/r16/ΓÇ£hiΓÇ¥Γäó,TestReadStdin/c100/r16/πüé,TestReadStdin/c100/r16/≡ƒÖê≡ƒÖë≡ƒÖè,TestReadStdin/c100/r2/├ñ├╢├╝,TestReadStdin/c100/r2/ΓÇ£hiΓÇ¥Γäó,TestReadStdin/c100/r2/πüé,TestReadStdin/c100/r2/≡ƒÖê≡ƒÖë≡ƒÖè,TestReadStdin/c100/r20/├ñ├╢├╝,TestReadStdin/c100/r20/ΓÇ£hiΓÇ¥Γäó,TestReadStdin/c100/r20/πüé,TestReadStdin/c100/r20/≡ƒÖê≡ƒÖë≡ƒÖè,TestReadStdin/c100/r3/├ñ├╢├╝,TestReadStdin/c100/r3/ΓÇ£hiΓÇ¥Γäó,TestReadStdin/c100/r3/πüé,TestReadStdin/c100/r3/≡ƒÖê≡ƒÖë≡ƒÖè,TestReadStdin/c100/r4/├ñ├╢├╝,TestReadStdin/c100/r4/ΓÇ£hiΓÇ¥Γäó,TestReadStdin/c100/r4/πüé,TestReadStdin/c100/r4/≡ƒÖê≡ƒÖë≡ƒÖè,TestReadStdin/c100/r5/├ñ├╢├╝,TestReadStdin/c100/r5/ΓÇ£hiΓÇ¥Γäó,TestReadStdin/c100/r5/πüé,TestReadStdin/c100/r5/≡ƒÖê≡ƒÖë≡ƒÖè,TestReadStdin/c100/r50/├ñ├╢├╝,TestReadStdin/c100/r50/ΓÇ£hiΓÇ¥Γäó,TestReadStdin/c100/r50/πüé,TestReadStdin/c100/r50/≡ƒÖê≡ƒÖë≡ƒÖè,TestReadStdin/c100/r8/├ñ├╢├╝,TestReadStdin/c100/r8/ΓÇ£hiΓÇ¥Γäó,TestReadStdin/c100/r8/πüé,TestReadStdin/c100/r8/≡ƒÖê≡ƒÖë≡ƒÖè,TestReadStdin/c1000/r1/├ñ├╢├╝,TestReadStdin/c1000/r1/ΓÇ£hiΓÇ¥Γäó,TestReadStdin/c1000/r1/πüé,TestReadStdin/c1000/r1/≡ƒÖê≡ƒÖë≡ƒÖè,TestReadStdin/c1000/r10/├ñ├╢├╝,TestReadStdin/c1000/r10/ΓÇ£hiΓÇ¥Γäó,TestReadStdin/c1000/r10/πüé,TestReadStdin/c1000/r10/≡ƒÖê≡ƒÖë≡ƒÖè,TestReadStdin/c1000/r100/├ñ├╢├╝,TestReadStdin/c1000/r100/ΓÇ£hiΓÇ¥Γäó,TestReadStdin/c1000/r100/πüé,TestReadStdin/c1000/r100/≡ƒÖê≡ƒÖë≡ƒÖè,TestReadStdin/c1000/r16/├ñ├╢├╝,TestReadStdin/c1000/r16/ΓÇ£hiΓÇ¥Γäó,TestReadStdin/c1000/r16/πüé,TestReadStdin/c1000/r16/≡ƒÖê≡ƒÖë≡ƒÖè,TestReadStdin/c1000/r2/├ñ├╢├╝,TestReadStdin/c1000/r2/ΓÇ£hiΓÇ¥Γäó,TestReadStdin/c1000/r2/πüé,TestReadStdin/c1000/r2/≡ƒÖê≡ƒÖë≡ƒÖè,TestReadStdin/c1000/r20/├ñ├╢├╝,TestReadStdin/c1000/r20/ΓÇ£hiΓÇ¥Γäó,TestReadStdin/c1000/r20/πüé,TestReadStdin/c1000/r20/≡ƒÖê≡ƒÖë≡ƒÖè,TestReadStdin/c1000/r3/├ñ├╢├╝,TestReadStdin/c1000/r3/ΓÇ£hiΓÇ¥Γäó,TestReadStdin/c1000/r3/πüé,TestReadStdin/c1000/r3/≡ƒÖê≡ƒÖë≡ƒÖè,TestReadStdin/c1000/r4/├ñ├╢├╝,TestReadStdin/c1000/r4/ΓÇ£hiΓÇ¥Γäó,TestReadStdin/c1000/r4/πüé,TestReadStdin/c1000/r4/≡ƒÖê≡ƒÖë≡ƒÖè,TestReadStdin/c1000/r5/├ñ├╢├╝,TestReadStdin/c1000/r5/ΓÇ£hiΓÇ¥Γäó,TestReadStdin/c1000/r5/πüé,TestReadStdin/c1000/r5/≡ƒÖê≡ƒÖë≡ƒÖè,TestReadStdin/c1000/r50/├ñ├╢├╝,TestReadStdin/c1000/r50/ΓÇ£hiΓÇ¥Γäó,TestReadStdin/c1000/r50/πüé,TestReadStdin/c1000/r50/≡ƒÖê≡ƒÖë≡ƒÖè,TestReadStdin/c1000/r8/├ñ├╢├╝,TestReadStdin/c1000/r8/ΓÇ£hiΓÇ¥Γäó,TestReadStdin/c1000/r8/πüé,TestReadStdin/c1000/r8/≡ƒÖê≡ƒÖë≡ƒÖè,TestReadStdin/c16/r1/├ñ├╢├╝,TestReadStdin/c16/r1/ΓÇ£hiΓÇ¥Γäó,TestReadStdin/c16/r1/πüé,TestReadStdin/c16/r1/≡ƒÖê≡ƒÖë≡ƒÖè,TestReadStdin/c16/r10/├ñ├╢├╝,TestReadStdin/c16/r10/ΓÇ£hiΓÇ¥Γäó,TestReadStdin/c16/r10/πüé,TestReadStdin/c16/r10/≡ƒÖê≡ƒÖë≡ƒÖè,TestReadStdin/c16/r100/├ñ├╢├╝,TestReadStdin/c16/r100/ΓÇ£hiΓÇ¥Γäó,TestReadStdin/c16/r100/πüé,TestReadStdin/c16/r100/≡ƒÖê≡ƒÖë≡ƒÖè,TestReadStdin/c16/r16/├ñ├╢├╝,TestReadStdin/c16/r16/ΓÇ£hiΓÇ¥Γäó,TestReadStdin/c16/r16/πüé,TestReadStdin/c16/r16/≡ƒÖê≡ƒÖë≡ƒÖè,TestReadStdin/c16/r2/├ñ├╢├╝,TestReadStdin/c16/r2/ΓÇ£hiΓÇ¥Γäó,TestReadStdin/c16/r2/πüé,TestReadStdin/c16/r2/≡ƒÖê≡ƒÖë≡ƒÖè,TestReadStdin/c16/r20/├ñ├╢├╝,TestReadStdin/c16/r20/ΓÇ£hiΓÇ¥Γäó,TestReadStdin/c16/r20/πüé,TestReadStdin/c16/r20/≡ƒÖê≡ƒÖë≡ƒÖè,TestReadStdin/c16/r3/├ñ├╢├╝,TestReadStdin/c16/r3/ΓÇ£hiΓÇ¥Γäó,TestReadStdin/c16/r3/πüé,TestReadStdin/c16/r3/≡ƒÖê≡ƒÖë≡ƒÖè,TestReadStdin/c16/r4/├ñ├╢├╝,TestReadStdin/c16/r4/ΓÇ£hiΓÇ¥Γäó,TestReadStdin/c16/r4/πüé,TestReadStdin/c16/r4/≡ƒÖê≡ƒÖë≡ƒÖè,TestReadStdin/c16/r5/├ñ├╢├╝,TestReadStdin/c16/r5/ΓÇ£hiΓÇ¥Γäó,TestReadStdin/c16/r5/πüé,TestReadStdin/c16/r5/≡ƒÖê≡ƒÖë≡ƒÖè,TestReadStdin/c16/r50/├ñ├╢├╝,TestReadStdin/c16/r50/ΓÇ£hiΓÇ¥Γäó,TestReadStdin/c16/r50/πüé,TestReadStdin/c16/r50/≡ƒÖê≡ƒÖë≡ƒÖè,TestReadStdin/c16/r8/├ñ├╢├╝,TestReadStdin/c16/r8/ΓÇ£hiΓÇ¥Γäó,TestReadStdin/c16/r8/πüé,TestReadStdin/c16/r8/≡ƒÖê≡ƒÖë≡ƒÖè,TestReadStdin/c2/r1/├ñ├╢├╝,TestReadStdin/c2/r1/ΓÇ£hiΓÇ¥Γäó,TestReadStdin/c2/r1/πüé,TestReadStdin/c2/r1/≡ƒÖê≡ƒÖë≡ƒÖè,TestReadStdin/c2/r10/├ñ├╢├╝,TestReadStdin/c2/r10/ΓÇ£hiΓÇ¥Γäó,TestReadStdin/c2/r10/πüé,TestReadStdin/c2/r10/≡ƒÖê≡ƒÖë≡ƒÖè,TestReadStdin/c2/r100/├ñ├╢├╝,TestReadStdin/c2/r100/ΓÇ£hiΓÇ¥Γäó,TestReadStdin/c2/r100/πüé,TestReadStdin/c2/r100/≡ƒÖê≡ƒÖë≡ƒÖè,TestReadStdin/c2/r16/├ñ├╢├╝,TestReadStdin/c2/r16/ΓÇ£hiΓÇ¥Γäó,TestReadStdin/c2/r16/πüé,TestReadStdin/c2/r16/≡ƒÖê≡ƒÖë≡ƒÖè,TestReadStdin/c2/r2/├ñ├╢├╝,TestReadStdin/c2/r2/ΓÇ£hiΓÇ¥Γäó,TestReadStdin/c2/r2/πüé,TestReadStdin/c2/r2/≡ƒÖê≡ƒÖë≡ƒÖè,TestReadStdin/c2/r20/├ñ├╢├╝,TestReadStdin/c2/r20/ΓÇ£hiΓÇ¥Γäó,TestReadStdin/c2/r20/πüé,TestReadStdin/c2/r20/≡ƒÖê≡ƒÖë≡ƒÖè,TestReadStdin/c2/r3/├ñ├╢├╝,TestReadStdin/c2/r3/ΓÇ£hiΓÇ¥Γäó,TestReadStdin/c2/r3/πüé,TestReadStdin/c2/r3/≡ƒÖê≡ƒÖë≡ƒÖè,TestReadStdin/c2/r4/├ñ├╢├╝,TestReadStdin/c2/r4/ΓÇ£hiΓÇ¥Γäó,TestReadStdin/c2/r4/πüé,TestReadStdin/c2/r4/≡ƒÖê≡ƒÖë≡ƒÖè,TestReadStdin/c2/r5/├ñ├╢├╝,TestReadStdin/c2/r5/ΓÇ£hiΓÇ¥Γäó,TestReadStdin/c2/r5/πüé,TestReadStdin/c2/r5/≡ƒÖê≡ƒÖë≡ƒÖè,TestReadStdin/c2/r50/├ñ├╢├╝,TestReadStdin/c2/r50/ΓÇ£hiΓÇ¥Γäó,TestReadStdin/c2/r50/πüé,TestReadStdin/c2/r50/≡ƒÖê≡ƒÖë≡ƒÖè,TestReadStdin/c2/r8/├ñ├╢├╝,TestReadStdin/c2/r8/ΓÇ£hiΓÇ¥Γäó,TestReadStdin/c2/r8/πüé,TestReadStdin/c2/r8/≡ƒÖê≡ƒÖë≡ƒÖè,TestReadStdin/c3/r1/├ñ├╢├╝,TestReadStdin/c3/r1/ΓÇ£hiΓÇ¥Γäó,TestReadStdin/c3/r1/πüé,TestReadStdin/c3/r1/≡ƒÖê≡ƒÖë≡ƒÖè,TestReadStdin/c3/r10/├ñ├╢├╝,TestReadStdin/c3/r10/ΓÇ£hiΓÇ¥Γäó,TestReadStdin/c3/r10/πüé,TestReadStdin/c3/r10/≡ƒÖê≡ƒÖë≡ƒÖè,TestReadStdin/c3/r100/├ñ├╢├╝,TestReadStdin/c3/r100/ΓÇ£hiΓÇ¥Γäó,TestReadStdin/c3/r100/πüé,TestReadStdin/c3/r100/≡ƒÖê≡ƒÖë≡ƒÖè,TestReadStdin/c3/r16/├ñ├╢├╝,TestReadStdin/c3/r16/ΓÇ£hiΓÇ¥Γäó,TestReadStdin/c3/r16/πüé,TestReadStdin/c3/r16/≡ƒÖê≡ƒÖë≡ƒÖè,TestReadStdin/c3/r2/├ñ├╢├╝,TestReadStdin/c3/r2/ΓÇ£hiΓÇ¥Γäó,TestReadStdin/c3/r2/πüé,TestReadStdin/c3/r2/≡ƒÖê≡ƒÖë≡ƒÖè,TestReadStdin/c3/r20/├ñ├╢├╝,TestReadStdin/c3/r20/ΓÇ£hiΓÇ¥Γäó,TestReadStdin/c3/r20/πüé,TestReadStdin/c3/r20/≡ƒÖê≡ƒÖë≡ƒÖè,TestReadStdin/c3/r3/├ñ├╢├╝,TestReadStdin/c3/r3/ΓÇ£hiΓÇ¥Γäó,TestReadStdin/c3/r3/πüé,TestReadStdin/c3/r3/≡ƒÖê≡ƒÖë≡ƒÖè,TestReadStdin/c3/r4/├ñ├╢├╝,TestReadStdin/c3/r4/ΓÇ£hiΓÇ¥Γäó,TestReadStdin/c3/r4/πüé,TestReadStdin/c3/r4/≡ƒÖê≡ƒÖë≡ƒÖè,TestReadStdin/c3/r5/├ñ├╢├╝,TestReadStdin/c3/r5/ΓÇ£hiΓÇ¥Γäó,TestReadStdin/c3/r5/πüé,TestReadStdin/c3/r5/≡ƒÖê≡ƒÖë≡ƒÖè,TestReadStdin/c3/r50/├ñ├╢├╝,TestReadStdin/c3/r50/ΓÇ£hiΓÇ¥Γäó,TestReadStdin/c3/r50/πüé,TestReadStdin/c3/r50/≡ƒÖê≡ƒÖë≡ƒÖè,TestReadStdin/c3/r8/├ñ├╢├╝,TestReadStdin/c3/r8/ΓÇ£hiΓÇ¥Γäó,TestReadStdin/c3/r8/πüé,TestReadStdin/c3/r8/≡ƒÖê≡ƒÖë≡ƒÖè,TestReadStdin/c1/r1/äöü,TestReadStdin/c1/r1/“hi”™,TestReadStdin/c1/r1/あ,TestReadStdin/c1/r1/🙈🙉🙊,TestReadStdin/c1/r10/äöü,TestReadStdin/c1/r10/“hi”™,TestReadStdin/c1/r10/あ,TestReadStdin/c1/r10/🙈🙉🙊,TestReadStdin/c1/r100/äöü,TestReadStdin/c1/r100/“hi”™,TestReadStdin/c1/r100/あ,TestReadStdin/c1/r100/🙈🙉🙊,TestReadStdin/c1/r16/äöü,TestReadStdin/c1/r16/“hi”™,TestReadStdin/c1/r16/あ,TestReadStdin/c1/r16/🙈🙉🙊,TestReadStdin/c1/r2/äöü,TestReadStdin/c1/r2/“hi”™,TestReadStdin/c1/r2/あ,TestReadStdin/c1/r2/🙈🙉🙊,TestReadStdin/c1/r20/äöü,TestReadStdin/c1/r20/“hi”™,TestReadStdin/c1/r20/あ,TestReadStdin/c1/r20/🙈🙉🙊,TestReadStdin/c1/r3/äöü,TestReadStdin/c1/r3/“hi”™,TestReadStdin/c1/r3/あ,TestReadStdin/c1/r3/🙈🙉🙊,TestReadStdin/c1/r4/äöü,TestReadStdin/c1/r4/“hi”™,TestReadStdin/c1/r4/あ,TestReadStdin/c1/r4/🙈🙉🙊,TestReadStdin/c1/r5/äöü,TestReadStdin/c1/r5/“hi”™,TestReadStdin/c1/r5/あ,TestReadStdin/c1/r5/🙈🙉🙊,TestReadStdin/c1/r50/äöü,TestReadStdin/c1/r50/“hi”™,TestReadStdin/c1/r50/あ,TestReadStdin/c1/r50/🙈🙉🙊,TestReadStdin/c1/r8/äöü,TestReadStdin/c1/r8/“hi”™,TestReadStdin/c1/r8/あ,TestReadStdin/c1/r8/🙈🙉🙊,TestReadStdin/c10/r1/äöü,TestReadStdin/c10/r1/“hi”™,TestReadStdin/c10/r1/あ,TestReadStdin/c10/r1/🙈🙉🙊,TestReadStdin/c10/r10/äöü,TestReadStdin/c10/r10/“hi”™,TestReadStdin/c10/r10/あ,TestReadStdin/c10/r10/🙈🙉🙊,TestReadStdin/c10/r100/äöü,TestReadStdin/c10/r100/“hi”™,TestReadStdin/c10/r100/あ,TestReadStdin/c10/r100/🙈🙉🙊,TestReadStdin/c10/r16/äöü,TestReadStdin/c10/r16/“hi”™,TestReadStdin/c10/r16/あ,TestReadStdin/c10/r16/🙈🙉🙊,TestReadStdin/c10/r2/äöü,TestReadStdin/c10/r2/“hi”™,TestReadStdin/c10/r2/あ,TestReadStdin/c10/r2/🙈🙉🙊,TestReadStdin/c10/r20/äöü,TestReadStdin/c10/r20/“hi”™,TestReadStdin/c10/r20/あ,TestReadStdin/c10/r20/🙈🙉🙊,TestReadStdin/c10/r3/äöü,TestReadStdin/c10/r3/“hi”™,TestReadStdin/c10/r3/あ,TestReadStdin/c10/r3/🙈🙉🙊,TestReadStdin/c10/r4/äöü,TestReadStdin/c10/r4/“hi”™,TestReadStdin/c10/r4/あ,TestReadStdin/c10/r4/🙈🙉🙊,TestReadStdin/c10/r5/äöü,TestReadStdin/c10/r5/“hi”™,TestReadStdin/c10/r5/あ,TestReadStdin/c10/r5/🙈🙉🙊,TestReadStdin/c10/r50/äöü,TestReadStdin/c10/r50/“hi”™,TestReadStdin/c10/r50/あ,TestReadStdin/c10/r50/🙈🙉🙊,TestReadStdin/c10/r8/äöü,TestReadStdin/c10/r8/“hi”™,TestReadStdin/c10/r8/あ,TestReadStdin/c10/r8/🙈🙉🙊,TestReadStdin/c100/r1/äöü,TestReadStdin/c100/r1/“hi”™,TestReadStdin/c100/r1/あ,TestReadStdin/c100/r1/🙈🙉🙊,TestReadStdin/c100/r10/äöü,TestReadStdin/c100/r10/“hi”™,TestReadStdin/c100/r10/あ,TestReadStdin/c100/r10/🙈🙉🙊,TestReadStdin/c100/r100/äöü,TestReadStdin/c100/r100/“hi”™,TestReadStdin/c100/r100/あ,TestReadStdin/c100/r100/🙈🙉🙊,TestReadStdin/c100/r16/äöü,TestReadStdin/c100/r16/“hi”™,TestReadStdin/c100/r16/あ,TestReadStdin/c100/r16/🙈🙉🙊,TestReadStdin/c100/r2/äöü,TestReadStdin/c100/r2/“hi”™,TestReadStdin/c100/r2/あ,TestReadStdin/c100/r2/🙈🙉🙊,TestReadStdin/c100/r20/äöü,TestReadStdin/c100/r20/“hi”™,TestReadStdin/c100/r20/あ,TestReadStdin/c100/r20/🙈🙉🙊,TestReadStdin/c100/r3/äöü,TestReadStdin/c100/r3/“hi”™,TestReadStdin/c100/r3/あ,TestReadStdin/c100/r3/🙈🙉🙊,TestReadStdin/c100/r4/äöü,TestReadStdin/c100/r4/“hi”™,TestReadStdin/c100/r4/あ,TestReadStdin/c100/r4/🙈🙉🙊,TestReadStdin/c100/r5/äöü,TestReadStdin/c100/r5/“hi”™,TestReadStdin/c100/r5/あ,TestReadStdin/c100/r5/🙈🙉🙊,TestReadStdin/c100/r50/äöü,TestReadStdin/c100/r50/“hi”™,TestReadStdin/c100/r50/あ,TestReadStdin/c100/r50/🙈🙉🙊,TestReadStdin/c100/r8/äöü,TestReadStdin/c100/r8/“hi”™,TestReadStdin/c100/r8/あ,TestReadStdin/c100/r8/🙈🙉🙊,TestReadStdin/c1000/r1/äöü,TestReadStdin/c1000/r1/“hi”™,TestReadStdin/c1000/r1/あ,TestReadStdin/c1000/r1/🙈🙉🙊,TestReadStdin/c1000/r10/äöü,TestReadStdin/c1000/r10/“hi”™,TestReadStdin/c1000/r10/あ,TestReadStdin/c1000/r10/🙈🙉🙊,TestReadStdin/c1000/r100/äöü,TestReadStdin/c1000/r100/“hi”™,TestReadStdin/c1000/r100/あ,TestReadStdin/c1000/r100/🙈🙉🙊,TestReadStdin/c1000/r16/äöü,TestReadStdin/c1000/r16/“hi”™,TestReadStdin/c1000/r16/あ,TestReadStdin/c1000/r16/🙈🙉🙊,TestReadStdin/c1000/r2/äöü,TestReadStdin/c1000/r2/“hi”™,TestReadStdin/c1000/r2/あ,TestReadStdin/c1000/r2/🙈🙉🙊,TestReadStdin/c1000/r20/äöü,TestReadStdin/c1000/r20/“hi”™,TestReadStdin/c1000/r20/あ,TestReadStdin/c1000/r20/🙈🙉🙊,TestReadStdin/c1000/r3/äöü,TestReadStdin/c1000/r3/“hi”™,TestReadStdin/c1000/r3/あ,TestReadStdin/c1000/r3/🙈🙉🙊,TestReadStdin/c1000/r4/äöü,TestReadStdin/c1000/r4/“hi”™,TestReadStdin/c1000/r4/あ,TestReadStdin/c1000/r4/🙈🙉🙊,TestReadStdin/c1000/r5/äöü,TestReadStdin/c1000/r5/“hi”™,TestReadStdin/c1000/r5/あ,TestReadStdin/c1000/r5/🙈🙉🙊,TestReadStdin/c1000/r50/äöü,TestReadStdin/c1000/r50/“hi”™,TestReadStdin/c1000/r50/あ,TestReadStdin/c1000/r50/🙈🙉🙊,TestReadStdin/c1000/r8/äöü,TestReadStdin/c1000/r8/“hi”™,TestReadStdin/c1000/r8/あ,TestReadStdin/c1000/r8/🙈🙉🙊,TestReadStdin/c16/r1/äöü,TestReadStdin/c16/r1/“hi”™,TestReadStdin/c16/r1/あ,TestReadStdin/c16/r1/🙈🙉🙊,TestReadStdin/c16/r10/äöü,TestReadStdin/c16/r10/“hi”™,TestReadStdin/c16/r10/あ,TestReadStdin/c16/r10/🙈🙉🙊,TestReadStdin/c16/r100/äöü,TestReadStdin/c16/r100/“hi”™,TestReadStdin/c16/r100/あ,TestReadStdin/c16/r100/🙈🙉🙊,TestReadStdin/c16/r16/äöü,TestReadStdin/c16/r16/“hi”™,TestReadStdin/c16/r16/あ,TestReadStdin/c16/r16/🙈🙉🙊,TestReadStdin/c16/r2/äöü,TestReadStdin/c16/r2/“hi”™,TestReadStdin/c16/r2/あ,TestReadStdin/c16/r2/🙈🙉🙊,TestReadStdin/c16/r20/äöü,TestReadStdin/c16/r20/“hi”™,TestReadStdin/c16/r20/あ,TestReadStdin/c16/r20/🙈🙉🙊,TestReadStdin/c16/r3/äöü,TestReadStdin/c16/r3/“hi”™,TestReadStdin/c16/r3/あ,TestReadStdin/c16/r3/🙈🙉🙊,TestReadStdin/c16/r4/äöü,TestReadStdin/c16/r4/“hi”™,TestReadStdin/c16/r4/あ,TestReadStdin/c16/r4/🙈🙉🙊,TestReadStdin/c16/r5/äöü,TestReadStdin/c16/r5/“hi”™,TestReadStdin/c16/r5/あ,TestReadStdin/c16/r5/🙈🙉🙊,TestReadStdin/c16/r50/äöü,TestReadStdin/c16/r50/“hi”™,TestReadStdin/c16/r50/あ,TestReadStdin/c16/r50/🙈🙉🙊,TestReadStdin/c16/r8/äöü,TestReadStdin/c16/r8/“hi”™,TestReadStdin/c16/r8/あ,TestReadStdin/c16/r8/🙈🙉🙊,TestReadStdin/c2/r1/äöü,TestReadStdin/c2/r1/“hi”™,TestReadStdin/c2/r1/あ,TestReadStdin/c2/r1/🙈🙉🙊,TestReadStdin/c2/r10/äöü,TestReadStdin/c2/r10/“hi”™,TestReadStdin/c2/r10/あ,TestReadStdin/c2/r10/🙈🙉🙊,TestReadStdin/c2/r100/äöü,TestReadStdin/c2/r100/“hi”™,TestReadStdin/c2/r100/あ,TestReadStdin/c2/r100/🙈🙉🙊,TestReadStdin/c2/r16/äöü,TestReadStdin/c2/r16/“hi”™,TestReadStdin/c2/r16/あ,TestReadStdin/c2/r16/🙈🙉🙊,TestReadStdin/c2/r2/äöü,TestReadStdin/c2/r2/“hi”™,TestReadStdin/c2/r2/あ,TestReadStdin/c2/r2/🙈🙉🙊,TestReadStdin/c2/r20/äöü,TestReadStdin/c2/r20/“hi”™,TestReadStdin/c2/r20/あ,TestReadStdin/c2/r20/🙈🙉🙊,TestReadStdin/c2/r3/äöü,TestReadStdin/c2/r3/“hi”™,TestReadStdin/c2/r3/あ,TestReadStdin/c2/r3/🙈🙉🙊,TestReadStdin/c2/r4/äöü,TestReadStdin/c2/r4/“hi”™,TestReadStdin/c2/r4/あ,TestReadStdin/c2/r4/🙈🙉🙊,TestReadStdin/c2/r5/äöü,TestReadStdin/c2/r5/“hi”™,TestReadStdin/c2/r5/あ,TestReadStdin/c2/r5/🙈🙉🙊,TestReadStdin/c2/r50/äöü,TestReadStdin/c2/r50/“hi”™,TestReadStdin/c2/r50/あ,TestReadStdin/c2/r50/🙈🙉🙊,TestReadStdin/c2/r8/äöü,TestReadStdin/c2/r8/“hi”™,TestReadStdin/c2/r8/あ,TestReadStdin/c2/r8/🙈🙉🙊,TestReadStdin/c3/r1/äöü,TestReadStdin/c3/r1/“hi”™,TestReadStdin/c3/r1/あ,TestReadStdin/c3/r1/🙈🙉🙊,TestReadStdin/c3/r10/äöü,TestReadStdin/c3/r10/“hi”™,TestReadStdin/c3/r10/あ,TestReadStdin/c3/r10/🙈🙉🙊,TestReadStdin/c3/r100/äöü,TestReadStdin/c3/r100/“hi”™,TestReadStdin/c3/r100/あ,TestReadStdin/c3/r100/🙈🙉🙊,TestReadStdin/c3/r16/äöü,TestReadStdin/c3/r16/“hi”™,TestReadStdin/c3/r16/あ,TestReadStdin/c3/r16/🙈🙉🙊,TestReadStdin/c3/r2/äöü,TestReadStdin/c3/r2/“hi”™,TestReadStdin/c3/r2/あ,TestReadStdin/c3/r2/🙈🙉🙊,TestReadStdin/c3/r20/äöü,TestReadStdin/c3/r20/“hi”™,TestReadStdin/c3/r20/あ,TestReadStdin/c3/r20/🙈🙉🙊,TestReadStdin/c3/r3/äöü,TestReadStdin/c3/r3/“hi”™,TestReadStdin/c3/r3/あ,TestReadStdin/c3/r3/🙈🙉🙊,TestReadStdin/c3/r4/äöü,TestReadStdin/c3/r4/“hi”™,TestReadStdin/c3/r4/あ,TestReadStdin/c3/r4/🙈🙉🙊,TestReadStdin/c3/r5/äöü,TestReadStdin/c3/r5/“hi”™,TestReadStdin/c3/r5/あ,TestReadStdin/c3/r5/🙈🙉🙊,TestReadStdin/c3/r50/äöü,TestReadStdin/c3/r50/“hi”™,TestReadStdin/c3/r50/あ,TestReadStdin/c3/r50/🙈🙉🙊,TestReadStdin/c3/r8/äöü,TestReadStdin/c3/r8/“hi”™,TestReadStdin/c3/r8/あ,TestReadStdin/c3/r8/🙈🙉🙊] N=1105 D=2	auto=0 test-artifacts=0 production=1	rows\os\sweep.log	61724860b49a84c373f1c0c6f76d8df3cbad9804	61724860b49a84c373f1c0c6f76d8df3cbad9804	cf743ca654fa9c3d80c80d0d42e629e2652f07fcc90432cbfda10198c8dd9a2b	2026-09-24T02:06:01	none	0
net	S-G	G-LAPTOP	verdict	1	2026-09-24T04:25:35	2026-09-24T04:30:58	323	322	120	PASS	476	3	3	476	3	none	NOT REWRITTEN	clean	rows\net\sweep.log	61724860b49a84c373f1c0c6f76d8df3cbad9804	61724860b49a84c373f1c0c6f76d8df3cbad9804	cf743ca654fa9c3d80c80d0d42e629e2652f07fcc90432cbfda10198c8dd9a2b	2026-09-24T02:06:01	none	0
