package	shard	host	kind	attempt	start	end	outer_wall_s	sweep_wall_s	deadline	word	got	got_disclosed	banked_tests	banked_disclosed	absorption	page_reading	drift_class	log	corpus_commit	converter_commit	converter_sha256	converter_mtime	c_toolchain	rc
crypto/tls	S-R	R-LAPTOP	verdict	1	2026-09-24T07:18:07.3762051Z	2026-09-24T07:48:13.7255853Z	1806	1805	90m	PASS	4759	UNREADABLE	4759	1	none	NOT REWRITTEN P2a=MISMATCH page 4759|1 run 4759|UNREADABLE	crlfOnly=0 testArtifactContent=0 csAuto=0 productionContent=0	rows/crypto__tls/sweep.log	61724860b49a84c373f1c0c6f76d8df3cbad9804	61724860b49a84c373f1c0c6f76d8df3cbad9804	4e4aaa77fad74aecb27b70cff2b0bd9c9d677f3cb688fc0e616a69ac3500d033	2026-09-24T07:06:19Z	gcc=0,cc=0,clang=0	0
internal/gover	S-R	R-LAPTOP	verdict	1	2026-09-24T07:48:16.1656936Z	2026-09-24T07:48:44.7238382Z	29	28	10m	PASS	5	UNREADABLE	5	0	none	NOT REWRITTEN P2a=MISMATCH page 5|0 run 5|UNREADABLE	crlfOnly=0 testArtifactContent=0 csAuto=0 productionContent=0	rows/internal__gover/sweep.log	61724860b49a84c373f1c0c6f76d8df3cbad9804	61724860b49a84c373f1c0c6f76d8df3cbad9804	4e4aaa77fad74aecb27b70cff2b0bd9c9d677f3cb688fc0e616a69ac3500d033	2026-09-24T07:06:19Z	gcc=0,cc=0,clang=0	0
internal/itoa	S-R	R-LAPTOP	verdict	1	2026-09-24T07:48:46.0739776Z	2026-09-24T07:49:13.6071223Z	28	27	10m	PASS	3	UNREADABLE	3	0	none	NOT REWRITTEN P2a=MISMATCH page 3|0 run 3|UNREADABLE	crlfOnly=0 testArtifactContent=0 csAuto=0 productionContent=0	rows/internal__itoa/sweep.log	61724860b49a84c373f1c0c6f76d8df3cbad9804	61724860b49a84c373f1c0c6f76d8df3cbad9804	4e4aaa77fad74aecb27b70cff2b0bd9c9d677f3cb688fc0e616a69ac3500d033	2026-09-24T07:06:19Z	gcc=0,cc=0,clang=0	0
internal/pkgbits	S-R	R-LAPTOP	verdict	1	2026-09-24T07:49:15.0079308Z	2026-09-24T07:49:52.3264866Z	37	36	10m	PASS	2	UNREADABLE	2	0	none	NOT REWRITTEN P2a=MISMATCH page 2|0 run 2|UNREADABLE	crlfOnly=0 testArtifactContent=0 csAuto=0 productionContent=0	rows/internal__pkgbits/sweep.log	61724860b49a84c373f1c0c6f76d8df3cbad9804	61724860b49a84c373f1c0c6f76d8df3cbad9804	4e4aaa77fad74aecb27b70cff2b0bd9c9d677f3cb688fc0e616a69ac3500d033	2026-09-24T07:06:19Z	gcc=0,cc=0,clang=0	0
internal/platform	S-R	R-LAPTOP	verdict	1	2026-09-24T07:49:53.7569581Z	2026-09-24T07:50:38.2553934Z	44	43	10m	PASS	1	UNREADABLE	1	0	none	NOT REWRITTEN P2a=MISMATCH page 1|0 run 1|UNREADABLE	crlfOnly=0 testArtifactContent=0 csAuto=0 productionContent=0	rows/internal__platform/sweep.log	61724860b49a84c373f1c0c6f76d8df3cbad9804	61724860b49a84c373f1c0c6f76d8df3cbad9804	4e4aaa77fad74aecb27b70cff2b0bd9c9d677f3cb688fc0e616a69ac3500d033	2026-09-24T07:06:19Z	gcc=0,cc=0,clang=0	0
internal/poll	S-R	R-LAPTOP	verdict	1	2026-09-24T07:50:39.7910435Z	2026-09-24T07:51:24.1060192Z	44	43	10m	PASS	19	UNREADABLE	19	0	none	NOT REWRITTEN P2a=MISMATCH page 19|0 run 19|UNREADABLE	crlfOnly=0 testArtifactContent=0 csAuto=0 productionContent=0	rows/internal__poll/sweep.log	61724860b49a84c373f1c0c6f76d8df3cbad9804	61724860b49a84c373f1c0c6f76d8df3cbad9804	4e4aaa77fad74aecb27b70cff2b0bd9c9d677f3cb688fc0e616a69ac3500d033	2026-09-24T07:06:19Z	gcc=0,cc=0,clang=0	0
internal/profile	S-R	R-LAPTOP	verdict	1	2026-09-24T07:51:25.6005466Z	2026-09-24T07:52:06.2861902Z	41	40	10m	PASS	1	UNREADABLE	1	0	none	NOT REWRITTEN P2a=MISMATCH page 1|0 run 1|UNREADABLE	crlfOnly=0 testArtifactContent=0 csAuto=0 productionContent=1 REVIEW[src/core/internal/profile/package_init.cs]	rows/internal__profile/sweep.log	61724860b49a84c373f1c0c6f76d8df3cbad9804	61724860b49a84c373f1c0c6f76d8df3cbad9804	4e4aaa77fad74aecb27b70cff2b0bd9c9d677f3cb688fc0e616a69ac3500d033	2026-09-24T07:06:19Z	gcc=0,cc=0,clang=0	0
internal/reflectlite	S-R	R-LAPTOP	verdict	1	2026-09-24T07:52:07.7437561Z	2026-09-24T07:52:56.1158134Z	48	47	10m	PASS	30	UNREADABLE	30	0	none	NOT REWRITTEN P2a=MISMATCH page 30|0 run 30|UNREADABLE	crlfOnly=0 testArtifactContent=0 csAuto=0 productionContent=0	rows/internal__reflectlite/sweep.log	61724860b49a84c373f1c0c6f76d8df3cbad9804	61724860b49a84c373f1c0c6f76d8df3cbad9804	4e4aaa77fad74aecb27b70cff2b0bd9c9d677f3cb688fc0e616a69ac3500d033	2026-09-24T07:06:19Z	gcc=0,cc=0,clang=0	0
internal/runtime/atomic	S-R	R-LAPTOP	verdict	1	2026-09-24T07:52:57.6321159Z	2026-09-24T07:53:31.4267724Z	34	33	10m	PASS	16	UNREADABLE	16	0	none	NOT REWRITTEN P2a=MISMATCH page 16|0 run 16|UNREADABLE	crlfOnly=0 testArtifactContent=0 csAuto=0 productionContent=0	rows/internal__runtime__atomic/sweep.log	61724860b49a84c373f1c0c6f76d8df3cbad9804	61724860b49a84c373f1c0c6f76d8df3cbad9804	4e4aaa77fad74aecb27b70cff2b0bd9c9d677f3cb688fc0e616a69ac3500d033	2026-09-24T07:06:19Z	gcc=0,cc=0,clang=0	0
internal/runtime/maps	S-R	R-LAPTOP	verdict	1	2026-09-24T07:53:32.9726319Z	2026-09-24T07:55:36.1285238Z	123	122	10m	PASS	3	UNREADABLE	3	108	none	NOT REWRITTEN P2a=MISMATCH page 3|108 run 3|UNREADABLE	crlfOnly=0 testArtifactContent=0 csAuto=0 productionContent=0	rows/internal__runtime__maps/sweep.log	61724860b49a84c373f1c0c6f76d8df3cbad9804	61724860b49a84c373f1c0c6f76d8df3cbad9804	4e4aaa77fad74aecb27b70cff2b0bd9c9d677f3cb688fc0e616a69ac3500d033	2026-09-24T07:06:19Z	gcc=0,cc=0,clang=0	0
internal/runtime/math	S-R	R-LAPTOP	verdict	1	2026-09-24T07:55:37.6776089Z	2026-09-24T07:57:37.1656530Z	119	119	10m	PASS	1	UNREADABLE	1	0	none	NOT REWRITTEN P2a=MISMATCH page 1|0 run 1|UNREADABLE	crlfOnly=0 testArtifactContent=0 csAuto=0 productionContent=0	rows/internal__runtime__math/sweep.log	61724860b49a84c373f1c0c6f76d8df3cbad9804	61724860b49a84c373f1c0c6f76d8df3cbad9804	4e4aaa77fad74aecb27b70cff2b0bd9c9d677f3cb688fc0e616a69ac3500d033	2026-09-24T07:06:19Z	gcc=0,cc=0,clang=0	0
internal/runtime/sys	S-R	R-LAPTOP	verdict	1	2026-09-24T07:57:38.6125014Z	2026-09-24T07:58:03.8303065Z	25	24	10m	PASS	4	UNREADABLE	4	0	none	NOT REWRITTEN P2a=MISMATCH page 4|0 run 4|UNREADABLE	crlfOnly=0 testArtifactContent=0 csAuto=0 productionContent=0	rows/internal__runtime__sys/sweep.log	61724860b49a84c373f1c0c6f76d8df3cbad9804	61724860b49a84c373f1c0c6f76d8df3cbad9804	4e4aaa77fad74aecb27b70cff2b0bd9c9d677f3cb688fc0e616a69ac3500d033	2026-09-24T07:06:19Z	gcc=0,cc=0,clang=0	0
internal/saferio	S-R	R-LAPTOP	verdict	1	2026-09-24T07:58:05.2737066Z	2026-09-24T07:58:30.4608792Z	25	24	10m	PASS	17	UNREADABLE	17	0	none	NOT REWRITTEN P2a=MISMATCH page 17|0 run 17|UNREADABLE	crlfOnly=0 testArtifactContent=0 csAuto=0 productionContent=0	rows/internal__saferio/sweep.log	61724860b49a84c373f1c0c6f76d8df3cbad9804	61724860b49a84c373f1c0c6f76d8df3cbad9804	4e4aaa77fad74aecb27b70cff2b0bd9c9d677f3cb688fc0e616a69ac3500d033	2026-09-24T07:06:19Z	gcc=0,cc=0,clang=0	0
internal/singleflight	S-R	R-LAPTOP	verdict	1	2026-09-24T07:58:31.9016667Z	2026-09-24T07:58:59.9789544Z	28	27	10m	PASS	5	UNREADABLE	5	0	none	NOT REWRITTEN P2a=MISMATCH page 5|0 run 5|UNREADABLE	crlfOnly=0 testArtifactContent=0 csAuto=0 productionContent=0	rows/internal__singleflight/sweep.log	61724860b49a84c373f1c0c6f76d8df3cbad9804	61724860b49a84c373f1c0c6f76d8df3cbad9804	4e4aaa77fad74aecb27b70cff2b0bd9c9d677f3cb688fc0e616a69ac3500d033	2026-09-24T07:06:19Z	gcc=0,cc=0,clang=0	0
internal/sync	S-R	R-LAPTOP	verdict	1	2026-09-24T07:59:01.4249628Z	2026-09-24T07:59:45.7994380Z	44	43	10m	PASS	106	UNREADABLE	106	0	none	NOT REWRITTEN P2a=MISMATCH page 106|0 run 106|UNREADABLE	crlfOnly=0 testArtifactContent=0 csAuto=0 productionContent=0	rows/internal__sync/sweep.log	61724860b49a84c373f1c0c6f76d8df3cbad9804	61724860b49a84c373f1c0c6f76d8df3cbad9804	4e4aaa77fad74aecb27b70cff2b0bd9c9d677f3cb688fc0e616a69ac3500d033	2026-09-24T07:06:19Z	gcc=0,cc=0,clang=0	0
internal/syscall/windows	S-R	R-LAPTOP	verdict	1	2026-09-24T07:59:47.2616353Z	2026-09-24T08:00:23.5012536Z	36	35	10m	PASS	3	UNREADABLE	3	0	none	NOT REWRITTEN P2a=MISMATCH page 3|0 run 3|UNREADABLE	crlfOnly=0 testArtifactContent=0 csAuto=1 productionContent=1 REVIEW[src/core/internal/syscall/windows/windows/package_init.cs]	rows/internal__syscall__windows/sweep.log	61724860b49a84c373f1c0c6f76d8df3cbad9804	61724860b49a84c373f1c0c6f76d8df3cbad9804	4e4aaa77fad74aecb27b70cff2b0bd9c9d677f3cb688fc0e616a69ac3500d033	2026-09-24T07:06:19Z	gcc=0,cc=0,clang=0	0
internal/syscall/windows/registry	S-R	R-LAPTOP	verdict	1	2026-09-24T08:00:24.9883159Z	2026-09-24T08:01:15.1326527Z	50	49	10m	PASS	6	UNREADABLE	6	0	none	NOT REWRITTEN P2a=MISMATCH page 6|0 run 6|UNREADABLE	crlfOnly=0 testArtifactContent=0 csAuto=1 productionContent=0	rows/internal__syscall__windows__registry/sweep.log	61724860b49a84c373f1c0c6f76d8df3cbad9804	61724860b49a84c373f1c0c6f76d8df3cbad9804	4e4aaa77fad74aecb27b70cff2b0bd9c9d677f3cb688fc0e616a69ac3500d033	2026-09-24T07:06:19Z	gcc=0,cc=0,clang=0	0
internal/sysinfo	S-R	R-LAPTOP	verdict	1	2026-09-24T08:01:16.6826527Z	2026-09-24T08:01:51.5124885Z	35	34	10m	PASS	1	UNREADABLE	1	0	none	NOT REWRITTEN P2a=MISMATCH page 1|0 run 1|UNREADABLE	crlfOnly=0 testArtifactContent=0 csAuto=0 productionContent=0	rows/internal__sysinfo/sweep.log	61724860b49a84c373f1c0c6f76d8df3cbad9804	61724860b49a84c373f1c0c6f76d8df3cbad9804	4e4aaa77fad74aecb27b70cff2b0bd9c9d677f3cb688fc0e616a69ac3500d033	2026-09-24T07:06:19Z	gcc=0,cc=0,clang=0	0
internal/testenv	S-R	R-LAPTOP	verdict	1	2026-09-24T08:01:53.1204715Z	2026-09-24T08:02:24.1370827Z	31	30	10m	PASS	7	UNREADABLE	7	0	none	NOT REWRITTEN P2a=MISMATCH page 7|0 run 7|UNREADABLE	crlfOnly=0 testArtifactContent=0 csAuto=0 productionContent=1 REVIEW[src/core/internal/testenv/package_init.cs]	rows/internal__testenv/sweep.log	61724860b49a84c373f1c0c6f76d8df3cbad9804	61724860b49a84c373f1c0c6f76d8df3cbad9804	4e4aaa77fad74aecb27b70cff2b0bd9c9d677f3cb688fc0e616a69ac3500d033	2026-09-24T07:06:19Z	gcc=0,cc=0,clang=0	0
internal/trace/internal/oldtrace	S-R	R-LAPTOP	verdict	1	2026-09-24T08:02:25.6253394Z	2026-09-24T08:03:01.1870980Z	36	35	10m	PASS	3	UNREADABLE	3	0	none	NOT REWRITTEN P2a=MISMATCH page 3|0 run 3|UNREADABLE	crlfOnly=0 testArtifactContent=0 csAuto=0 productionContent=0	rows/internal__trace__internal__oldtrace/sweep.log	61724860b49a84c373f1c0c6f76d8df3cbad9804	61724860b49a84c373f1c0c6f76d8df3cbad9804	4e4aaa77fad74aecb27b70cff2b0bd9c9d677f3cb688fc0e616a69ac3500d033	2026-09-24T07:06:19Z	gcc=0,cc=0,clang=0	0
internal/types/errors	S-R	R-LAPTOP	verdict	1	2026-09-24T08:03:02.6583341Z	2026-09-24T08:04:47.4288678Z	105	104	10m	PASS	155	UNREADABLE	155	0	none	NOT REWRITTEN P2a=MISMATCH page 155|0 run 155|UNREADABLE	crlfOnly=0 testArtifactContent=0 csAuto=0 productionContent=0	rows/internal__types__errors/sweep.log	61724860b49a84c373f1c0c6f76d8df3cbad9804	61724860b49a84c373f1c0c6f76d8df3cbad9804	4e4aaa77fad74aecb27b70cff2b0bd9c9d677f3cb688fc0e616a69ac3500d033	2026-09-24T07:06:19Z	gcc=0,cc=0,clang=0	0
internal/xcoff	S-R	R-LAPTOP	verdict	1	2026-09-24T08:04:49.0514819Z	2026-09-24T08:05:18.5148958Z	29	29	10m	PASS	3	UNREADABLE	3	0	none	NOT REWRITTEN P2a=MISMATCH page 3|0 run 3|UNREADABLE	crlfOnly=0 testArtifactContent=0 csAuto=0 productionContent=0	rows/internal__xcoff/sweep.log	61724860b49a84c373f1c0c6f76d8df3cbad9804	61724860b49a84c373f1c0c6f76d8df3cbad9804	4e4aaa77fad74aecb27b70cff2b0bd9c9d677f3cb688fc0e616a69ac3500d033	2026-09-24T07:06:19Z	gcc=0,cc=0,clang=0	0
internal/zstd	S-R	R-LAPTOP	verdict	1	2026-09-24T08:05:20.0457145Z	2026-09-24T08:05:55.3286052Z	35	34	10m	PASS	536	UNREADABLE	536	0	none	NOT REWRITTEN P2a=MISMATCH page 536|0 run 536|UNREADABLE	crlfOnly=0 testArtifactContent=0 csAuto=0 productionContent=1 REVIEW[src/core/internal/zstd/package_init.cs]	rows/internal__zstd/sweep.log	61724860b49a84c373f1c0c6f76d8df3cbad9804	61724860b49a84c373f1c0c6f76d8df3cbad9804	4e4aaa77fad74aecb27b70cff2b0bd9c9d677f3cb688fc0e616a69ac3500d033	2026-09-24T07:06:19Z	gcc=0,cc=0,clang=0	0
io	S-R	R-LAPTOP	verdict	1	2026-09-24T08:05:57.3109838Z	2026-09-24T08:06:34.1049677Z	37	36	10m	PASS	60	UNREADABLE	60	1	none	NOT REWRITTEN P2a=MISMATCH page 60|1 run 60|UNREADABLE	crlfOnly=0 testArtifactContent=0 csAuto=0 productionContent=0	rows/io/sweep.log	61724860b49a84c373f1c0c6f76d8df3cbad9804	61724860b49a84c373f1c0c6f76d8df3cbad9804	4e4aaa77fad74aecb27b70cff2b0bd9c9d677f3cb688fc0e616a69ac3500d033	2026-09-24T07:06:19Z	gcc=0,cc=0,clang=0	0
io/fs	S-R	R-LAPTOP	verdict	1	2026-09-24T08:06:35.7072566Z	2026-09-24T08:07:06.3197633Z	31	30	10m	PASS	18	UNREADABLE	18	0	none	NOT REWRITTEN P2a=MISMATCH page 18|0 run 18|UNREADABLE	crlfOnly=0 testArtifactContent=0 csAuto=0 productionContent=0	rows/io__fs/sweep.log	61724860b49a84c373f1c0c6f76d8df3cbad9804	61724860b49a84c373f1c0c6f76d8df3cbad9804	4e4aaa77fad74aecb27b70cff2b0bd9c9d677f3cb688fc0e616a69ac3500d033	2026-09-24T07:06:19Z	gcc=0,cc=0,clang=0	0
io/ioutil	S-R	R-LAPTOP	verdict	1	2026-09-24T08:07:07.8899194Z	2026-09-24T08:07:35.4774478Z	28	27	10m	PASS	28	UNREADABLE	28	0	none	NOT REWRITTEN P2a=MISMATCH page 28|0 run 28|UNREADABLE	crlfOnly=0 testArtifactContent=0 csAuto=0 productionContent=0	rows/io__ioutil/sweep.log	61724860b49a84c373f1c0c6f76d8df3cbad9804	61724860b49a84c373f1c0c6f76d8df3cbad9804	4e4aaa77fad74aecb27b70cff2b0bd9c9d677f3cb688fc0e616a69ac3500d033	2026-09-24T07:06:19Z	gcc=0,cc=0,clang=0	0
iter	S-R	R-LAPTOP	verdict	1	2026-09-24T08:07:37.0652942Z	2026-09-24T08:08:05.1392471Z	28	27	10m	PASS	28	UNREADABLE	28	0	none	NOT REWRITTEN P2a=MISMATCH page 28|0 run 28|UNREADABLE	crlfOnly=0 testArtifactContent=0 csAuto=0 productionContent=0	rows/iter/sweep.log	61724860b49a84c373f1c0c6f76d8df3cbad9804	61724860b49a84c373f1c0c6f76d8df3cbad9804	4e4aaa77fad74aecb27b70cff2b0bd9c9d677f3cb688fc0e616a69ac3500d033	2026-09-24T07:06:19Z	gcc=0,cc=0,clang=0	0
log	S-R	R-LAPTOP	verdict	1	2026-09-24T08:08:06.7836395Z	2026-09-24T08:08:33.3602046Z	27	26	10m	PASS	8	UNREADABLE	8	1	none	NOT REWRITTEN P2a=MISMATCH page 8|1 run 8|UNREADABLE	crlfOnly=0 testArtifactContent=0 csAuto=0 productionContent=0	rows/log/sweep.log	61724860b49a84c373f1c0c6f76d8df3cbad9804	61724860b49a84c373f1c0c6f76d8df3cbad9804	4e4aaa77fad74aecb27b70cff2b0bd9c9d677f3cb688fc0e616a69ac3500d033	2026-09-24T07:06:19Z	gcc=0,cc=0,clang=0	0
log/slog	S-R	R-LAPTOP	verdict	1	2026-09-24T08:08:34.9657525Z	2026-09-24T08:10:58.1867740Z	143	142	10m	PASS	197	UNREADABLE	197	19	none	NOT REWRITTEN P2a=MISMATCH page 197|19 run 197|UNREADABLE	crlfOnly=0 testArtifactContent=0 csAuto=0 productionContent=0	rows/log__slog/sweep.log	61724860b49a84c373f1c0c6f76d8df3cbad9804	61724860b49a84c373f1c0c6f76d8df3cbad9804	4e4aaa77fad74aecb27b70cff2b0bd9c9d677f3cb688fc0e616a69ac3500d033	2026-09-24T07:06:19Z	gcc=0,cc=0,clang=0	0
log/slog/internal/benchmarks	S-R	R-LAPTOP	verdict	1	2026-09-24T08:10:59.8486972Z	2026-09-24T08:11:31.4835119Z	32	31	10m	PASS	3	UNREADABLE	3	0	none	NOT REWRITTEN P2a=MISMATCH page 3|0 run 3|UNREADABLE	crlfOnly=0 testArtifactContent=0 csAuto=0 productionContent=0	rows/log__slog__internal__benchmarks/sweep.log	61724860b49a84c373f1c0c6f76d8df3cbad9804	61724860b49a84c373f1c0c6f76d8df3cbad9804	4e4aaa77fad74aecb27b70cff2b0bd9c9d677f3cb688fc0e616a69ac3500d033	2026-09-24T07:06:19Z	gcc=0,cc=0,clang=0	0
log/slog/internal/buffer	S-R	R-LAPTOP	verdict	1	2026-09-24T08:11:57.8496247Z	2026-09-24T08:14:14.2598503Z	136	135	10m	PASS	1	UNREADABLE	1	1	none	NOT REWRITTEN P2a=MISMATCH page 1|1 run 1|UNREADABLE	crlfOnly=0 testArtifactContent=0 csAuto=0 productionContent=0	rows/log__slog__internal__buffer/sweep.log	61724860b49a84c373f1c0c6f76d8df3cbad9804	61724860b49a84c373f1c0c6f76d8df3cbad9804	4e4aaa77fad74aecb27b70cff2b0bd9c9d677f3cb688fc0e616a69ac3500d033	2026-09-24T07:06:19Z	gcc=0,cc=0,clang=0	0
maps	S-R	R-LAPTOP	verdict	1	2026-09-24T08:14:15.4310703Z	2026-09-24T08:14:42.6446542Z	27	26	10m	PASS	14	UNREADABLE	14	0	none	NOT REWRITTEN P2a=MISMATCH page 14|0 run 14|UNREADABLE	crlfOnly=0 testArtifactContent=0 csAuto=0 productionContent=0	rows/maps/sweep.log	61724860b49a84c373f1c0c6f76d8df3cbad9804	61724860b49a84c373f1c0c6f76d8df3cbad9804	4e4aaa77fad74aecb27b70cff2b0bd9c9d677f3cb688fc0e616a69ac3500d033	2026-09-24T07:06:19Z	gcc=0,cc=0,clang=0	0
math	S-R	R-LAPTOP	verdict	1	2026-09-24T08:14:43.8369618Z	2026-09-24T08:15:16.4552832Z	33	32	10m	PASS	76	UNREADABLE	76	0	none	NOT REWRITTEN P2a=MISMATCH page 76|0 run 76|UNREADABLE	crlfOnly=0 testArtifactContent=0 csAuto=0 productionContent=0	rows/math/sweep.log	61724860b49a84c373f1c0c6f76d8df3cbad9804	61724860b49a84c373f1c0c6f76d8df3cbad9804	4e4aaa77fad74aecb27b70cff2b0bd9c9d677f3cb688fc0e616a69ac3500d033	2026-09-24T07:06:19Z	gcc=0,cc=0,clang=0	0
math/big	S-R	R-LAPTOP	verdict	1	2026-09-24T08:15:17.7123056Z	2026-09-24T08:16:36.4677304Z	79	78	10m	PASS	230	UNREADABLE	230	1	none	NOT REWRITTEN P2a=MISMATCH page 230|1 run 230|UNREADABLE	crlfOnly=0 testArtifactContent=0 csAuto=0 productionContent=1 REVIEW[src/core/math/big/package_init.cs]	rows/math__big/sweep.log	61724860b49a84c373f1c0c6f76d8df3cbad9804	61724860b49a84c373f1c0c6f76d8df3cbad9804	4e4aaa77fad74aecb27b70cff2b0bd9c9d677f3cb688fc0e616a69ac3500d033	2026-09-24T07:06:19Z	gcc=0,cc=0,clang=0	0
math/bits	S-R	R-LAPTOP	verdict	1	2026-09-24T08:16:37.8054398Z	2026-09-24T08:17:06.8009295Z	29	28	10m	PASS	26	UNREADABLE	26	0	none	NOT REWRITTEN P2a=MISMATCH page 26|0 run 26|UNREADABLE	crlfOnly=0 testArtifactContent=0 csAuto=0 productionContent=0	rows/math__bits/sweep.log	61724860b49a84c373f1c0c6f76d8df3cbad9804	61724860b49a84c373f1c0c6f76d8df3cbad9804	4e4aaa77fad74aecb27b70cff2b0bd9c9d677f3cb688fc0e616a69ac3500d033	2026-09-24T07:06:19Z	gcc=0,cc=0,clang=0	0
math/cmplx	S-R	R-LAPTOP	verdict	1	2026-09-24T08:17:08.0550757Z	2026-09-24T08:17:34.8426958Z	27	26	10m	PASS	24	UNREADABLE	24	0	none	NOT REWRITTEN P2a=MISMATCH page 24|0 run 24|UNREADABLE	crlfOnly=0 testArtifactContent=0 csAuto=0 productionContent=0	rows/math__cmplx/sweep.log	61724860b49a84c373f1c0c6f76d8df3cbad9804	61724860b49a84c373f1c0c6f76d8df3cbad9804	4e4aaa77fad74aecb27b70cff2b0bd9c9d677f3cb688fc0e616a69ac3500d033	2026-09-24T07:06:19Z	gcc=0,cc=0,clang=0	0
math/rand	S-R	R-LAPTOP	verdict	1	2026-09-24T08:17:36.0836732Z	2026-09-24T08:18:16.3435725Z	40	39	10m	PASS	47	UNREADABLE	47	0	none	NOT REWRITTEN P2a=MISMATCH page 47|0 run 47|UNREADABLE	crlfOnly=0 testArtifactContent=0 csAuto=0 productionContent=0	rows/math__rand/sweep.log	61724860b49a84c373f1c0c6f76d8df3cbad9804	61724860b49a84c373f1c0c6f76d8df3cbad9804	4e4aaa77fad74aecb27b70cff2b0bd9c9d677f3cb688fc0e616a69ac3500d033	2026-09-24T07:06:19Z	gcc=0,cc=0,clang=0	0
math/rand/v2	S-R	R-LAPTOP	verdict	1	2026-09-24T08:18:17.6078449Z	2026-09-24T08:19:21.1123430Z	64	63	10m	PASS	36	UNREADABLE	36	0	none	NOT REWRITTEN P2a=MISMATCH page 36|0 run 36|UNREADABLE	crlfOnly=0 testArtifactContent=0 csAuto=0 productionContent=0	rows/math__rand__v2/sweep.log	61724860b49a84c373f1c0c6f76d8df3cbad9804	61724860b49a84c373f1c0c6f76d8df3cbad9804	4e4aaa77fad74aecb27b70cff2b0bd9c9d677f3cb688fc0e616a69ac3500d033	2026-09-24T07:06:19Z	gcc=0,cc=0,clang=0	0
mime	S-R	R-LAPTOP	verdict	1	2026-09-24T08:19:22.4541267Z	2026-09-24T08:19:52.3686595Z	30	29	10m	PASS	17	UNREADABLE	17	1	none	NOT REWRITTEN P2a=MISMATCH page 17|1 run 17|UNREADABLE	crlfOnly=0 testArtifactContent=0 csAuto=0 productionContent=0	rows/mime/sweep.log	61724860b49a84c373f1c0c6f76d8df3cbad9804	61724860b49a84c373f1c0c6f76d8df3cbad9804	4e4aaa77fad74aecb27b70cff2b0bd9c9d677f3cb688fc0e616a69ac3500d033	2026-09-24T07:06:19Z	gcc=0,cc=0,clang=0	0
mime/multipart	S-R	R-LAPTOP	verdict	1	2026-09-24T08:19:53.7389534Z	2026-09-24T08:21:01.4613509Z	68	67	10m	PASS	52	UNREADABLE	52	0	none	NOT REWRITTEN P2a=MISMATCH page 52|0 run 52|UNREADABLE	crlfOnly=0 testArtifactContent=0 csAuto=0 productionContent=0	rows/mime__multipart/sweep.log	61724860b49a84c373f1c0c6f76d8df3cbad9804	61724860b49a84c373f1c0c6f76d8df3cbad9804	4e4aaa77fad74aecb27b70cff2b0bd9c9d677f3cb688fc0e616a69ac3500d033	2026-09-24T07:06:19Z	gcc=0,cc=0,clang=0	0
mime/quotedprintable	S-R	R-LAPTOP	verdict	1	2026-09-24T08:21:02.8499018Z	2026-09-24T08:21:35.0528866Z	32	31	10m	PASS	5	UNREADABLE	5	0	none	NOT REWRITTEN P2a=MISMATCH page 5|0 run 5|UNREADABLE	crlfOnly=0 testArtifactContent=0 csAuto=0 productionContent=0	rows/mime__quotedprintable/sweep.log	61724860b49a84c373f1c0c6f76d8df3cbad9804	61724860b49a84c373f1c0c6f76d8df3cbad9804	4e4aaa77fad74aecb27b70cff2b0bd9c9d677f3cb688fc0e616a69ac3500d033	2026-09-24T07:06:19Z	gcc=0,cc=0,clang=0	0
net/http/cgi	S-R	R-LAPTOP	verdict	1	2026-09-24T08:21:36.4567734Z	2026-09-24T08:24:33.9039194Z	177	176	10m	PASS	38	UNREADABLE	38	1	none	NOT REWRITTEN P2a=MISMATCH page 38|1 run 38|UNREADABLE	crlfOnly=0 testArtifactContent=0 csAuto=0 productionContent=0	rows/net__http__cgi/sweep.log	61724860b49a84c373f1c0c6f76d8df3cbad9804	61724860b49a84c373f1c0c6f76d8df3cbad9804	4e4aaa77fad74aecb27b70cff2b0bd9c9d677f3cb688fc0e616a69ac3500d033	2026-09-24T07:06:19Z	gcc=0,cc=0,clang=0	0
net/http/cookiejar	S-R	R-LAPTOP	verdict	1	2026-09-24T08:24:35.5062910Z	2026-09-24T08:25:25.5442652Z	50	49	10m	PASS	17	UNREADABLE	17	0	none	NOT REWRITTEN P2a=MISMATCH page 17|0 run 17|UNREADABLE	crlfOnly=0 testArtifactContent=0 csAuto=0 productionContent=0	rows/net__http__cookiejar/sweep.log	61724860b49a84c373f1c0c6f76d8df3cbad9804	61724860b49a84c373f1c0c6f76d8df3cbad9804	4e4aaa77fad74aecb27b70cff2b0bd9c9d677f3cb688fc0e616a69ac3500d033	2026-09-24T07:06:19Z	gcc=0,cc=0,clang=0	0
net/http/fcgi	S-R	R-LAPTOP	verdict	1	2026-09-24T08:25:27.0605981Z	2026-09-24T08:26:20.1607212Z	53	52	10m	PASS	12	UNREADABLE	12	0	none	NOT REWRITTEN P2a=MISMATCH page 12|0 run 12|UNREADABLE	crlfOnly=0 testArtifactContent=0 csAuto=0 productionContent=0	rows/net__http__fcgi/sweep.log	61724860b49a84c373f1c0c6f76d8df3cbad9804	61724860b49a84c373f1c0c6f76d8df3cbad9804	4e4aaa77fad74aecb27b70cff2b0bd9c9d677f3cb688fc0e616a69ac3500d033	2026-09-24T07:06:19Z	gcc=0,cc=0,clang=0	0
net/http/httptest	S-R	R-LAPTOP	verdict	1	2026-09-24T08:26:21.6789656Z	2026-09-24T08:27:11.4776012Z	50	49	10m	PASS	55	UNREADABLE	55	0	none	NOT REWRITTEN P2a=MISMATCH page 55|0 run 55|UNREADABLE	crlfOnly=0 testArtifactContent=0 csAuto=0 productionContent=0	rows/net__http__httptest/sweep.log	61724860b49a84c373f1c0c6f76d8df3cbad9804	61724860b49a84c373f1c0c6f76d8df3cbad9804	4e4aaa77fad74aecb27b70cff2b0bd9c9d677f3cb688fc0e616a69ac3500d033	2026-09-24T07:06:19Z	gcc=0,cc=0,clang=0	0
net/http/httptrace	S-R	R-LAPTOP	verdict	1	2026-09-24T08:27:12.9970123Z	2026-09-24T08:27:54.5040787Z	42	41	10m	PASS	2	UNREADABLE	2	0	none	NOT REWRITTEN P2a=MISMATCH page 2|0 run 2|UNREADABLE	crlfOnly=0 testArtifactContent=0 csAuto=0 productionContent=0	rows/net__http__httptrace/sweep.log	61724860b49a84c373f1c0c6f76d8df3cbad9804	61724860b49a84c373f1c0c6f76d8df3cbad9804	4e4aaa77fad74aecb27b70cff2b0bd9c9d677f3cb688fc0e616a69ac3500d033	2026-09-24T07:06:19Z	gcc=0,cc=0,clang=0	0
net/http/httputil	S-R	R-LAPTOP	verdict	1	2026-09-24T08:27:56.0001560Z	2026-09-24T08:28:52.6726142Z	57	56	10m	PASS	53	UNREADABLE	53	0	none	NOT REWRITTEN P2a=MISMATCH page 53|0 run 53|UNREADABLE	crlfOnly=0 testArtifactContent=0 csAuto=0 productionContent=0	rows/net__http__httputil/sweep.log	61724860b49a84c373f1c0c6f76d8df3cbad9804	61724860b49a84c373f1c0c6f76d8df3cbad9804	4e4aaa77fad74aecb27b70cff2b0bd9c9d677f3cb688fc0e616a69ac3500d033	2026-09-24T07:06:19Z	gcc=0,cc=0,clang=0	0
net/http/internal	S-R	R-LAPTOP	verdict	1	2026-09-24T08:28:54.2540943Z	2026-09-24T08:29:22.7077967Z	28	27	10m	PASS	14	UNREADABLE	14	1	none	NOT REWRITTEN P2a=MISMATCH page 14|1 run 14|UNREADABLE	crlfOnly=0 testArtifactContent=0 csAuto=0 productionContent=0	rows/net__http__internal/sweep.log	61724860b49a84c373f1c0c6f76d8df3cbad9804	61724860b49a84c373f1c0c6f76d8df3cbad9804	4e4aaa77fad74aecb27b70cff2b0bd9c9d677f3cb688fc0e616a69ac3500d033	2026-09-24T07:06:19Z	gcc=0,cc=0,clang=0	0
net/http/internal/ascii	S-R	R-LAPTOP	verdict	1	2026-09-24T08:29:24.2483739Z	2026-09-24T08:29:49.4285831Z	25	24	10m	PASS	13	UNREADABLE	13	0	none	NOT REWRITTEN P2a=MISMATCH page 13|0 run 13|UNREADABLE	crlfOnly=0 testArtifactContent=0 csAuto=0 productionContent=0	rows/net__http__internal__ascii/sweep.log	61724860b49a84c373f1c0c6f76d8df3cbad9804	61724860b49a84c373f1c0c6f76d8df3cbad9804	4e4aaa77fad74aecb27b70cff2b0bd9c9d677f3cb688fc0e616a69ac3500d033	2026-09-24T07:06:19Z	gcc=0,cc=0,clang=0	0
net/mail	S-R	R-LAPTOP	verdict	1	2026-09-24T08:29:50.9379494Z	2026-09-24T08:30:22.1020086Z	31	30	10m	PASS	11	UNREADABLE	11	0	none	NOT REWRITTEN P2a=MISMATCH page 11|0 run 11|UNREADABLE	crlfOnly=0 testArtifactContent=0 csAuto=0 productionContent=0	rows/net__mail/sweep.log	61724860b49a84c373f1c0c6f76d8df3cbad9804	61724860b49a84c373f1c0c6f76d8df3cbad9804	4e4aaa77fad74aecb27b70cff2b0bd9c9d677f3cb688fc0e616a69ac3500d033	2026-09-24T07:06:19Z	gcc=0,cc=0,clang=0	0
net/netip	S-R	R-LAPTOP	verdict	1	2026-09-24T08:30:23.7026286Z	2026-09-24T08:30:59.6601877Z	36	35	10m	PASS	211	UNREADABLE	211	57	none	NOT REWRITTEN P2a=MISMATCH page 211|57 run 211|UNREADABLE	crlfOnly=0 testArtifactContent=0 csAuto=0 productionContent=0	rows/net__netip/sweep.log	61724860b49a84c373f1c0c6f76d8df3cbad9804	61724860b49a84c373f1c0c6f76d8df3cbad9804	4e4aaa77fad74aecb27b70cff2b0bd9c9d677f3cb688fc0e616a69ac3500d033	2026-09-24T07:06:19Z	gcc=0,cc=0,clang=0	0
net/rpc	S-R	R-LAPTOP	verdict	1	2026-09-24T08:31:01.2147340Z	2026-09-24T08:32:02.4846891Z	61	60	10m	PASS	15	UNREADABLE	15	0	none	NOT REWRITTEN P2a=MISMATCH page 15|0 run 15|UNREADABLE	crlfOnly=0 testArtifactContent=0 csAuto=0 productionContent=0	rows/net__rpc/sweep.log	61724860b49a84c373f1c0c6f76d8df3cbad9804	61724860b49a84c373f1c0c6f76d8df3cbad9804	4e4aaa77fad74aecb27b70cff2b0bd9c9d677f3cb688fc0e616a69ac3500d033	2026-09-24T07:06:19Z	gcc=0,cc=0,clang=0	0
net/rpc/jsonrpc	S-R	R-LAPTOP	verdict	1	2026-09-24T08:32:04.0883601Z	2026-09-24T08:33:01.2756602Z	57	56	10m	PASS	9	UNREADABLE	9	0	none	NOT REWRITTEN P2a=MISMATCH page 9|0 run 9|UNREADABLE	crlfOnly=0 testArtifactContent=0 csAuto=0 productionContent=0	rows/net__rpc__jsonrpc/sweep.log	61724860b49a84c373f1c0c6f76d8df3cbad9804	61724860b49a84c373f1c0c6f76d8df3cbad9804	4e4aaa77fad74aecb27b70cff2b0bd9c9d677f3cb688fc0e616a69ac3500d033	2026-09-24T07:06:19Z	gcc=0,cc=0,clang=0	0
net/smtp	S-R	R-LAPTOP	verdict	1	2026-09-24T08:33:02.8082794Z	2026-09-24T08:33:48.6566363Z	46	45	10m	PASS	20	UNREADABLE	20	0	none	NOT REWRITTEN P2a=MISMATCH page 20|0 run 20|UNREADABLE	crlfOnly=0 testArtifactContent=0 csAuto=0 productionContent=0	rows/net__smtp/sweep.log	61724860b49a84c373f1c0c6f76d8df3cbad9804	61724860b49a84c373f1c0c6f76d8df3cbad9804	4e4aaa77fad74aecb27b70cff2b0bd9c9d677f3cb688fc0e616a69ac3500d033	2026-09-24T07:06:19Z	gcc=0,cc=0,clang=0	0
net/textproto	S-R	R-LAPTOP	verdict	1	2026-09-24T08:33:50.3037075Z	2026-09-24T08:34:17.9005526Z	28	27	10m	PASS	26	UNREADABLE	26	0	none	NOT REWRITTEN P2a=MISMATCH page 26|0 run 26|UNREADABLE	crlfOnly=0 testArtifactContent=0 csAuto=0 productionContent=0	rows/net__textproto/sweep.log	61724860b49a84c373f1c0c6f76d8df3cbad9804	61724860b49a84c373f1c0c6f76d8df3cbad9804	4e4aaa77fad74aecb27b70cff2b0bd9c9d677f3cb688fc0e616a69ac3500d033	2026-09-24T07:06:19Z	gcc=0,cc=0,clang=0	0
net/url	S-R	R-LAPTOP	verdict	1	2026-09-24T08:34:19.5401224Z	2026-09-24T08:34:52.0216839Z	32	32	10m	PASS	49	UNREADABLE	49	0	none	NOT REWRITTEN P2a=MISMATCH page 49|0 run 49|UNREADABLE	crlfOnly=0 testArtifactContent=0 csAuto=0 productionContent=0	rows/net__url/sweep.log	61724860b49a84c373f1c0c6f76d8df3cbad9804	61724860b49a84c373f1c0c6f76d8df3cbad9804	4e4aaa77fad74aecb27b70cff2b0bd9c9d677f3cb688fc0e616a69ac3500d033	2026-09-24T07:06:19Z	gcc=0,cc=0,clang=0	0
os/exec	S-R	R-LAPTOP	verdict	1	2026-09-24T08:34:53.6302606Z	2026-09-24T08:37:58.4990152Z	185	184	10m	PASS	116	UNREADABLE	116	0	none	MOVED [TestString] P2a=MISMATCH page 116|0 run 116|UNREADABLE	crlfOnly=0 testArtifactContent=0 csAuto=0 productionContent=0	rows/os__exec/sweep.log	61724860b49a84c373f1c0c6f76d8df3cbad9804	61724860b49a84c373f1c0c6f76d8df3cbad9804	4e4aaa77fad74aecb27b70cff2b0bd9c9d677f3cb688fc0e616a69ac3500d033	2026-09-24T07:06:19Z	gcc=0,cc=0,clang=0	0
os/exec/internal/fdtest	S-R	R-LAPTOP	verdict	1	2026-09-24T08:38:00.7579582Z	2026-09-24T08:38:25.0528982Z	24	23	10m	PASS	1	UNREADABLE	1	0	none	NOT REWRITTEN P2a=MISMATCH page 1|0 run 1|UNREADABLE	crlfOnly=0 testArtifactContent=0 csAuto=0 productionContent=0	rows/os__exec__internal__fdtest/sweep.log	61724860b49a84c373f1c0c6f76d8df3cbad9804	61724860b49a84c373f1c0c6f76d8df3cbad9804	4e4aaa77fad74aecb27b70cff2b0bd9c9d677f3cb688fc0e616a69ac3500d033	2026-09-24T07:06:19Z	gcc=0,cc=0,clang=0	0
os/signal	S-R	R-LAPTOP	verdict	1	2026-09-24T08:38:26.6897361Z	2026-09-24T08:38:58.1430361Z	31	30	10m	PASS	1	UNREADABLE	1	0	none	NOT REWRITTEN P2a=MISMATCH page 1|0 run 1|UNREADABLE	crlfOnly=0 testArtifactContent=0 csAuto=0 productionContent=0	rows/os__signal/sweep.log	61724860b49a84c373f1c0c6f76d8df3cbad9804	61724860b49a84c373f1c0c6f76d8df3cbad9804	4e4aaa77fad74aecb27b70cff2b0bd9c9d677f3cb688fc0e616a69ac3500d033	2026-09-24T07:06:19Z	gcc=0,cc=0,clang=0	0
os/user	S-R	R-LAPTOP	verdict	1	2026-09-24T08:38:59.7563306Z	2026-09-24T08:39:32.9016211Z	33	32	10m	PASS	17	UNREADABLE	17	0	none	NOT REWRITTEN P2a=MISMATCH page 17|0 run 17|UNREADABLE	crlfOnly=0 testArtifactContent=0 csAuto=0 productionContent=0	rows/os__user/sweep.log	61724860b49a84c373f1c0c6f76d8df3cbad9804	61724860b49a84c373f1c0c6f76d8df3cbad9804	4e4aaa77fad74aecb27b70cff2b0bd9c9d677f3cb688fc0e616a69ac3500d033	2026-09-24T07:06:19Z	gcc=0,cc=0,clang=0	0
path	S-R	R-LAPTOP	verdict	1	2026-09-24T08:39:58.8133882Z	2026-09-24T08:42:08.8784274Z	130	129	10m	PASS	9	UNREADABLE	9	0	none	NOT REWRITTEN P2a=MISMATCH page 9|0 run 9|UNREADABLE	crlfOnly=0 testArtifactContent=0 csAuto=0 productionContent=0	rows/path/sweep.log	61724860b49a84c373f1c0c6f76d8df3cbad9804	61724860b49a84c373f1c0c6f76d8df3cbad9804	4e4aaa77fad74aecb27b70cff2b0bd9c9d677f3cb688fc0e616a69ac3500d033	2026-09-24T07:06:19Z	gcc=0,cc=0,clang=0	0
path/filepath	S-R	R-LAPTOP	verdict	1	2026-09-24T08:42:10.0267157Z	2026-09-24T08:42:54.0533129Z	44	43	10m	PASS	61	UNREADABLE	61	0	none	NOT REWRITTEN P2a=MISMATCH page 61|0 run 61|UNREADABLE	crlfOnly=0 testArtifactContent=0 csAuto=0 productionContent=0	rows/path__filepath/sweep.log	61724860b49a84c373f1c0c6f76d8df3cbad9804	61724860b49a84c373f1c0c6f76d8df3cbad9804	4e4aaa77fad74aecb27b70cff2b0bd9c9d677f3cb688fc0e616a69ac3500d033	2026-09-24T07:06:19Z	gcc=0,cc=0,clang=0	0
plugin	S-R	R-LAPTOP	verdict	1	2026-09-24T08:42:55.2097950Z	2026-09-24T08:43:21.7380016Z	27	26	10m	PASS	1	UNREADABLE	1	0	none	NOT REWRITTEN P2a=MISMATCH page 1|0 run 1|UNREADABLE	crlfOnly=0 testArtifactContent=0 csAuto=0 productionContent=0	rows/plugin/sweep.log	61724860b49a84c373f1c0c6f76d8df3cbad9804	61724860b49a84c373f1c0c6f76d8df3cbad9804	4e4aaa77fad74aecb27b70cff2b0bd9c9d677f3cb688fc0e616a69ac3500d033	2026-09-24T07:06:19Z	gcc=0,cc=0,clang=0	0
regexp	S-R	R-LAPTOP	verdict	1	2026-09-24T08:43:22.9280457Z	2026-09-24T08:49:13.4470744Z	351	350	10m	PASS	45	UNREADABLE	45	0	none	NOT REWRITTEN P2a=MISMATCH page 45|0 run 45|UNREADABLE	crlfOnly=0 testArtifactContent=0 csAuto=0 productionContent=0	rows/regexp/sweep.log	61724860b49a84c373f1c0c6f76d8df3cbad9804	61724860b49a84c373f1c0c6f76d8df3cbad9804	4e4aaa77fad74aecb27b70cff2b0bd9c9d677f3cb688fc0e616a69ac3500d033	2026-09-24T07:06:19Z	gcc=0,cc=0,clang=0	0
regexp/syntax	S-R	R-LAPTOP	verdict	1	2026-09-24T08:49:14.6657729Z	2026-09-24T08:49:45.8177221Z	31	30	10m	PASS	12	UNREADABLE	12	0	none	NOT REWRITTEN P2a=MISMATCH page 12|0 run 12|UNREADABLE	crlfOnly=0 testArtifactContent=0 csAuto=0 productionContent=0	rows/regexp__syntax/sweep.log	61724860b49a84c373f1c0c6f76d8df3cbad9804	61724860b49a84c373f1c0c6f76d8df3cbad9804	4e4aaa77fad74aecb27b70cff2b0bd9c9d677f3cb688fc0e616a69ac3500d033	2026-09-24T07:06:19Z	gcc=0,cc=0,clang=0	0
runtime/debug	S-R	R-LAPTOP	verdict	1	2026-09-24T08:49:47.1050343Z	2026-09-24T08:50:16.7462575Z	30	29	10m	PASS	4	UNREADABLE	4	5	none	NOT REWRITTEN P2a=MISMATCH page 4|5 run 4|UNREADABLE	crlfOnly=0 testArtifactContent=0 csAuto=0 productionContent=0	rows/runtime__debug/sweep.log	61724860b49a84c373f1c0c6f76d8df3cbad9804	61724860b49a84c373f1c0c6f76d8df3cbad9804	4e4aaa77fad74aecb27b70cff2b0bd9c9d677f3cb688fc0e616a69ac3500d033	2026-09-24T07:06:19Z	gcc=0,cc=0,clang=0	0
runtime/metrics	S-R	R-LAPTOP	verdict	1	2026-09-24T08:50:17.9924223Z	2026-09-24T08:51:07.3582125Z	49	48	10m	PASS	2	UNREADABLE	2	0	none	NOT REWRITTEN P2a=MISMATCH page 2|0 run 2|UNREADABLE	crlfOnly=0 testArtifactContent=0 csAuto=0 productionContent=0	rows/runtime__metrics/sweep.log	61724860b49a84c373f1c0c6f76d8df3cbad9804	61724860b49a84c373f1c0c6f76d8df3cbad9804	4e4aaa77fad74aecb27b70cff2b0bd9c9d677f3cb688fc0e616a69ac3500d033	2026-09-24T07:06:19Z	gcc=0,cc=0,clang=0	0
slices	S-R	R-LAPTOP	verdict	1	2026-09-24T08:51:08.6714382Z	2026-09-24T08:51:40.0497536Z	31	30	10m	PASS	120	UNREADABLE	120	3	none	NOT REWRITTEN P2a=MISMATCH page 120|3 run 120|UNREADABLE	crlfOnly=0 testArtifactContent=0 csAuto=0 productionContent=0	rows/slices/sweep.log	61724860b49a84c373f1c0c6f76d8df3cbad9804	61724860b49a84c373f1c0c6f76d8df3cbad9804	4e4aaa77fad74aecb27b70cff2b0bd9c9d677f3cb688fc0e616a69ac3500d033	2026-09-24T07:06:19Z	gcc=0,cc=0,clang=0	0
sort	S-R	R-LAPTOP	verdict	1	2026-09-24T08:51:41.3248167Z	2026-09-24T08:52:14.6717309Z	33	32	10m	PASS	63	UNREADABLE	63	0	none	NOT REWRITTEN P2a=MISMATCH page 63|0 run 63|UNREADABLE	crlfOnly=0 testArtifactContent=0 csAuto=0 productionContent=0	rows/sort/sweep.log	61724860b49a84c373f1c0c6f76d8df3cbad9804	61724860b49a84c373f1c0c6f76d8df3cbad9804	4e4aaa77fad74aecb27b70cff2b0bd9c9d677f3cb688fc0e616a69ac3500d033	2026-09-24T07:06:19Z	gcc=0,cc=0,clang=0	0
strconv	S-R	R-LAPTOP	verdict	1	2026-09-24T08:52:15.9353111Z	2026-09-24T08:52:48.9673690Z	33	32	10m	PASS	55	UNREADABLE	55	11	none	NOT REWRITTEN P2a=MISMATCH page 55|11 run 55|UNREADABLE	crlfOnly=0 testArtifactContent=0 csAuto=0 productionContent=0	rows/strconv/sweep.log	61724860b49a84c373f1c0c6f76d8df3cbad9804	61724860b49a84c373f1c0c6f76d8df3cbad9804	4e4aaa77fad74aecb27b70cff2b0bd9c9d677f3cb688fc0e616a69ac3500d033	2026-09-24T07:06:19Z	gcc=0,cc=0,clang=0	0
strings	S-R	R-LAPTOP	verdict	1	2026-09-24T08:52:50.2645970Z	2026-09-24T08:53:31.9244610Z	42	41	10m	PASS	69	UNREADABLE	69	4	none	NOT REWRITTEN P2a=MISMATCH page 69|4 run 69|UNREADABLE	crlfOnly=0 testArtifactContent=0 csAuto=0 productionContent=0	rows/strings/sweep.log	61724860b49a84c373f1c0c6f76d8df3cbad9804	61724860b49a84c373f1c0c6f76d8df3cbad9804	4e4aaa77fad74aecb27b70cff2b0bd9c9d677f3cb688fc0e616a69ac3500d033	2026-09-24T07:06:19Z	gcc=0,cc=0,clang=0	0
sync	S-R	R-LAPTOP	verdict	1	2026-09-24T08:53:33.2237507Z	2026-09-24T08:54:15.9162087Z	43	42	10m	PASS	46	UNREADABLE	46	6	none	NOT REWRITTEN P2a=MISMATCH page 46|6 run 46|UNREADABLE	crlfOnly=0 testArtifactContent=0 csAuto=0 productionContent=0	rows/sync/sweep.log	61724860b49a84c373f1c0c6f76d8df3cbad9804	61724860b49a84c373f1c0c6f76d8df3cbad9804	4e4aaa77fad74aecb27b70cff2b0bd9c9d677f3cb688fc0e616a69ac3500d033	2026-09-24T07:06:19Z	gcc=0,cc=0,clang=0	0
sync/atomic	S-R	R-LAPTOP	verdict	1	2026-09-24T08:54:17.1562868Z	2026-09-24T08:56:54.4732412Z	157	156	150m	PASS	108	UNREADABLE	108	0	none	NOT REWRITTEN P2a=MISMATCH page 108|0 run 108|UNREADABLE	crlfOnly=0 testArtifactContent=0 csAuto=0 productionContent=0	rows/sync__atomic/sweep.log	61724860b49a84c373f1c0c6f76d8df3cbad9804	61724860b49a84c373f1c0c6f76d8df3cbad9804	4e4aaa77fad74aecb27b70cff2b0bd9c9d677f3cb688fc0e616a69ac3500d033	2026-09-24T07:06:19Z	gcc=0,cc=0,clang=0	0
syscall	S-R	R-LAPTOP	verdict	1	2026-09-24T08:56:55.7389822Z	2026-09-24T08:57:49.0504381Z	53	52	10m	PASS	65	UNREADABLE	65	0	none	NOT REWRITTEN P2a=MISMATCH page 65|0 run 65|UNREADABLE	crlfOnly=0 testArtifactContent=0 csAuto=0 productionContent=1 REVIEW[src/core/syscall/windows/package_init.cs]	rows/syscall/sweep.log	61724860b49a84c373f1c0c6f76d8df3cbad9804	61724860b49a84c373f1c0c6f76d8df3cbad9804	4e4aaa77fad74aecb27b70cff2b0bd9c9d677f3cb688fc0e616a69ac3500d033	2026-09-24T07:06:19Z	gcc=0,cc=0,clang=0	0
testing	S-R	R-LAPTOP	verdict	1	2026-09-24T08:57:50.4030318Z	2026-09-24T08:58:56.0993800Z	66	65	10m	PASS	53	UNREADABLE	53	15	none	NOT REWRITTEN P2a=MISMATCH page 53|15 run 53|UNREADABLE	crlfOnly=0 testArtifactContent=0 csAuto=0 productionContent=0	rows/testing/sweep.log	61724860b49a84c373f1c0c6f76d8df3cbad9804	61724860b49a84c373f1c0c6f76d8df3cbad9804	4e4aaa77fad74aecb27b70cff2b0bd9c9d677f3cb688fc0e616a69ac3500d033	2026-09-24T07:06:19Z	gcc=0,cc=0,clang=0	0
testing/fstest	S-R	R-LAPTOP	verdict	1	2026-09-24T08:58:57.4569221Z	2026-09-24T08:59:26.7820498Z	29	28	10m	PASS	7	UNREADABLE	7	0	none	NOT REWRITTEN P2a=MISMATCH page 7|0 run 7|UNREADABLE	crlfOnly=0 testArtifactContent=0 csAuto=0 productionContent=0	rows/testing__fstest/sweep.log	61724860b49a84c373f1c0c6f76d8df3cbad9804	61724860b49a84c373f1c0c6f76d8df3cbad9804	4e4aaa77fad74aecb27b70cff2b0bd9c9d677f3cb688fc0e616a69ac3500d033	2026-09-24T07:06:19Z	gcc=0,cc=0,clang=0	0
testing/iotest	S-R	R-LAPTOP	verdict	1	2026-09-24T08:59:28.0970377Z	2026-09-24T08:59:55.3632445Z	27	26	10m	PASS	18	UNREADABLE	18	0	none	NOT REWRITTEN P2a=MISMATCH page 18|0 run 18|UNREADABLE	crlfOnly=0 testArtifactContent=0 csAuto=0 productionContent=0	rows/testing__iotest/sweep.log	61724860b49a84c373f1c0c6f76d8df3cbad9804	61724860b49a84c373f1c0c6f76d8df3cbad9804	4e4aaa77fad74aecb27b70cff2b0bd9c9d677f3cb688fc0e616a69ac3500d033	2026-09-24T07:06:19Z	gcc=0,cc=0,clang=0	0
testing/quick	S-R	R-LAPTOP	verdict	1	2026-09-24T08:59:56.6417782Z	2026-09-24T09:00:26.3891122Z	30	29	10m	PASS	8	UNREADABLE	8	0	none	NOT REWRITTEN P2a=MISMATCH page 8|0 run 8|UNREADABLE	crlfOnly=0 testArtifactContent=0 csAuto=0 productionContent=0	rows/testing__quick/sweep.log	61724860b49a84c373f1c0c6f76d8df3cbad9804	61724860b49a84c373f1c0c6f76d8df3cbad9804	4e4aaa77fad74aecb27b70cff2b0bd9c9d677f3cb688fc0e616a69ac3500d033	2026-09-24T07:06:19Z	gcc=0,cc=0,clang=0	0
testing/slogtest	S-R	R-LAPTOP	verdict	1	2026-09-24T09:00:27.6505126Z	2026-09-24T09:01:05.1783648Z	38	37	10m	PASS	17	UNREADABLE	17	0	none	NOT REWRITTEN P2a=MISMATCH page 17|0 run 17|UNREADABLE	crlfOnly=0 testArtifactContent=0 csAuto=0 productionContent=0	rows/testing__slogtest/sweep.log	61724860b49a84c373f1c0c6f76d8df3cbad9804	61724860b49a84c373f1c0c6f76d8df3cbad9804	4e4aaa77fad74aecb27b70cff2b0bd9c9d677f3cb688fc0e616a69ac3500d033	2026-09-24T07:06:19Z	gcc=0,cc=0,clang=0	0
text/scanner	S-R	R-LAPTOP	verdict	1	2026-09-24T09:01:06.4759475Z	2026-09-24T09:01:34.1705247Z	28	27	10m	PASS	18	UNREADABLE	18	0	none	NOT REWRITTEN P2a=MISMATCH page 18|0 run 18|UNREADABLE	crlfOnly=0 testArtifactContent=0 csAuto=0 productionContent=0	rows/text__scanner/sweep.log	61724860b49a84c373f1c0c6f76d8df3cbad9804	61724860b49a84c373f1c0c6f76d8df3cbad9804	4e4aaa77fad74aecb27b70cff2b0bd9c9d677f3cb688fc0e616a69ac3500d033	2026-09-24T07:06:19Z	gcc=0,cc=0,clang=0	0
text/tabwriter	S-R	R-LAPTOP	verdict	1	2026-09-24T09:01:35.4483459Z	2026-09-24T09:02:00.6705120Z	25	24	10m	PASS	3	UNREADABLE	3	0	none	NOT REWRITTEN P2a=MISMATCH page 3|0 run 3|UNREADABLE	crlfOnly=0 testArtifactContent=0 csAuto=0 productionContent=0	rows/text__tabwriter/sweep.log	61724860b49a84c373f1c0c6f76d8df3cbad9804	61724860b49a84c373f1c0c6f76d8df3cbad9804	4e4aaa77fad74aecb27b70cff2b0bd9c9d677f3cb688fc0e616a69ac3500d033	2026-09-24T07:06:19Z	gcc=0,cc=0,clang=0	0
text/template	S-R	R-LAPTOP	verdict	1	2026-09-24T09:02:01.9909089Z	2026-09-24T09:03:00.0405813Z	58	57	10m	PASS	52	UNREADABLE	52	0	none	NOT REWRITTEN P2a=MISMATCH page 52|0 run 52|UNREADABLE	crlfOnly=0 testArtifactContent=0 csAuto=0 productionContent=0	rows/text__template/sweep.log	61724860b49a84c373f1c0c6f76d8df3cbad9804	61724860b49a84c373f1c0c6f76d8df3cbad9804	4e4aaa77fad74aecb27b70cff2b0bd9c9d677f3cb688fc0e616a69ac3500d033	2026-09-24T07:06:19Z	gcc=0,cc=0,clang=0	0
text/template/parse	S-R	R-LAPTOP	verdict	1	2026-09-24T09:03:01.4309357Z	2026-09-24T09:03:34.8743760Z	33	32	10m	PASS	52	UNREADABLE	52	0	none	NOT REWRITTEN P2a=MISMATCH page 52|0 run 52|UNREADABLE	crlfOnly=0 testArtifactContent=0 csAuto=0 productionContent=0	rows/text__template__parse/sweep.log	61724860b49a84c373f1c0c6f76d8df3cbad9804	61724860b49a84c373f1c0c6f76d8df3cbad9804	4e4aaa77fad74aecb27b70cff2b0bd9c9d677f3cb688fc0e616a69ac3500d033	2026-09-24T07:06:19Z	gcc=0,cc=0,clang=0	0
time	S-R	R-LAPTOP	verdict	1	2026-09-24T09:03:36.2497386Z	2026-09-24T09:14:33.8029233Z	658	656	40m	PASS	178	UNREADABLE	178	0	none	NOT REWRITTEN P2a=MISMATCH page 178|0 run 178|UNREADABLE	crlfOnly=0 testArtifactContent=0 csAuto=0 productionContent=1 REVIEW[src/core/time/package_init.cs]	rows/time/sweep.log	61724860b49a84c373f1c0c6f76d8df3cbad9804	61724860b49a84c373f1c0c6f76d8df3cbad9804	4e4aaa77fad74aecb27b70cff2b0bd9c9d677f3cb688fc0e616a69ac3500d033	2026-09-24T07:06:19Z	gcc=0,cc=0,clang=0	0
unicode	S-R	R-LAPTOP	verdict	1	2026-09-24T09:14:35.3036769Z	2026-09-24T09:15:15.9141752Z	41	39	10m	PASS	28	UNREADABLE	28	0	none	NOT REWRITTEN P2a=MISMATCH page 28|0 run 28|UNREADABLE	crlfOnly=0 testArtifactContent=0 csAuto=0 productionContent=1 REVIEW[src/core/unicode/package_init.cs]	rows/unicode/sweep.log	61724860b49a84c373f1c0c6f76d8df3cbad9804	61724860b49a84c373f1c0c6f76d8df3cbad9804	4e4aaa77fad74aecb27b70cff2b0bd9c9d677f3cb688fc0e616a69ac3500d033	2026-09-24T07:06:19Z	gcc=0,cc=0,clang=0	0
unicode/utf16	S-R	R-LAPTOP	verdict	1	2026-09-24T09:15:17.2503393Z	2026-09-24T09:15:47.7495042Z	30	29	10m	PASS	8	UNREADABLE	8	1	none	NOT REWRITTEN P2a=MISMATCH page 8|1 run 8|UNREADABLE	crlfOnly=0 testArtifactContent=0 csAuto=0 productionContent=0	rows/unicode__utf16/sweep.log	61724860b49a84c373f1c0c6f76d8df3cbad9804	61724860b49a84c373f1c0c6f76d8df3cbad9804	4e4aaa77fad74aecb27b70cff2b0bd9c9d677f3cb688fc0e616a69ac3500d033	2026-09-24T07:06:19Z	gcc=0,cc=0,clang=0	0
unicode/utf8	S-R	R-LAPTOP	verdict	1	2026-09-24T09:15:49.0634468Z	2026-09-24T09:16:14.6191771Z	26	25	10m	PASS	14	UNREADABLE	14	1	none	NOT REWRITTEN P2a=MISMATCH page 14|1 run 14|UNREADABLE	crlfOnly=0 testArtifactContent=0 csAuto=0 productionContent=0	rows/unicode__utf8/sweep.log	61724860b49a84c373f1c0c6f76d8df3cbad9804	61724860b49a84c373f1c0c6f76d8df3cbad9804	4e4aaa77fad74aecb27b70cff2b0bd9c9d677f3cb688fc0e616a69ac3500d033	2026-09-24T07:06:19Z	gcc=0,cc=0,clang=0	0
unique	S-R	R-LAPTOP	verdict	1	2026-09-24T09:16:15.9515713Z	2026-09-24T09:16:43.1287275Z	27	26	10m	PASS	21	UNREADABLE	21	1	none	NOT REWRITTEN P2a=MISMATCH page 21|1 run 21|UNREADABLE	crlfOnly=0 testArtifactContent=0 csAuto=0 productionContent=0	rows/unique/sweep.log	61724860b49a84c373f1c0c6f76d8df3cbad9804	61724860b49a84c373f1c0c6f76d8df3cbad9804	4e4aaa77fad74aecb27b70cff2b0bd9c9d677f3cb688fc0e616a69ac3500d033	2026-09-24T07:06:19Z	gcc=0,cc=0,clang=0	0
weak	S-R	R-LAPTOP	verdict	1	2026-09-24T09:16:44.8308932Z	2026-09-24T09:17:12.1066397Z	27	26	10m	PASS	6	UNREADABLE	6	0	none	NOT REWRITTEN P2a=MISMATCH page 6|0 run 6|UNREADABLE	crlfOnly=0 testArtifactContent=0 csAuto=0 productionContent=0	rows/weak/sweep.log	61724860b49a84c373f1c0c6f76d8df3cbad9804	61724860b49a84c373f1c0c6f76d8df3cbad9804	4e4aaa77fad74aecb27b70cff2b0bd9c9d677f3cb688fc0e616a69ac3500d033	2026-09-24T07:06:19Z	gcc=0,cc=0,clang=0	0
