# Digest of `go build -a -gcflags=-m std` (go1.24.13, amd64), per GOOS: verdict lines per std package directory.
# The full outputs are ~137K lines per GOOS and are regenerated by the command in README.md; this digest is what they are checked against.
TOTAL windows: lines=136781 does-not-escape=18767 escapes-to-heap=22278 leaking-param=14676 moved-to-heap=943 can-inline=13961 inlining-call=60900
TOTAL linux: lines=137238 does-not-escape=18702 escapes-to-heap=22363 leaking-param=14711 moved-to-heap=963 can-inline=14253 inlining-call=61016
TOTAL darwin: lines=136368 does-not-escape=18685 escapes-to-heap=22219 leaking-param=14603 moved-to-heap=920 can-inline=14099 inlining-call=60567

package	windows:does	windows:escapes	windows:leaking	windows:moved	linux:does	linux:escapes	linux:leaking	linux:moved	darwin:does	darwin:escapes	darwin:leaking	darwin:moved
archive/tar	94	95	141	1	98	99	143	1	98	99	143	1
archive/zip	52	80	99	9	53	80	98	9	53	80	98	9
bufio	14	24	50	0	14	24	50	0	14	24	50	0
bytes	169	47	49	8	169	47	49	8	169	47	49	8
compress/bzip2	17	43	12	0	17	43	12	0	17	43	12	0
compress/flate	73	81	76	4	73	81	76	4	73	81	76	4
compress/gzip	2	12	23	1	2	12	23	1	2	12	23	1
compress/lzw	9	15	17	0	9	15	17	0	9	15	17	0
compress/zlib	1	8	20	0	1	8	20	0	1	8	20	0
container/heap	0	0	8	0	0	0	8	0	0	0	8	0
container/list	6	8	38	0	6	8	38	0	6	8	38	0
container/ring	1	2	9	0	1	2	9	0	1	2	9	0
context	5	34	51	0	5	34	51	0	5	34	51	0
crypto	0	6	1	0	0	6	1	0	0	6	1	0
crypto/aes	1	3	0	0	1	3	0	0	1	3	0	0
crypto/cipher	58	77	43	6	58	77	43	6	58	77	43	6
crypto/des	24	20	0	0	24	20	0	0	24	20	0	0
crypto/dsa	18	18	7	0	18	18	7	0	18	18	7	0
crypto/ecdh	29	24	34	2	29	24	34	2	29	24	34	2
crypto/ecdsa	36	65	34	1	36	65	34	1	36	65	34	1
crypto/ed25519	33	21	2	0	33	21	2	0	33	21	2	0
crypto/elliptic	51	117	35	0	51	117	35	0	51	117	35	0
crypto/fips140	0	2	0	0	0	2	0	0	0	2	0	0
crypto/hmac	4	2	1	0	4	2	1	0	4	2	1	0
crypto/internal/boring	55	39	0	0	55	39	0	0	55	39	0	0
crypto/internal/boring/bbig	0	3	2	0	0	3	2	0	0	3	2	0
crypto/internal/cryptotest	199	345	118	9	202	348	118	9	199	345	118	9
crypto/internal/entropy	1	0	0	1	1	0	0	1	1	0	0	1
crypto/internal/fips140	4	14	0	0	4	14	0	0	4	14	0	0
crypto/internal/fips140/aes	120	31	3	1	120	31	3	1	120	31	3	1
crypto/internal/fips140/aes/gcm	156	45	14	1	156	45	14	1	156	45	14	1
crypto/internal/fips140/alias	4	0	0	0	4	0	0	0	4	0	0	0
crypto/internal/fips140/bigmod	151	77	27	0	151	77	27	0	151	77	27	0
crypto/internal/fips140/check	1	7	0	1	1	7	0	1	1	7	0	1
crypto/internal/fips140/check/checktest	0	2	0	0	0	2	0	0	0	2	0	0
crypto/internal/fips140/drbg	29	8	4	0	29	8	4	0	29	8	4	0
crypto/internal/fips140/ecdh	21	58	3	4	21	58	3	4	21	58	3	4
crypto/internal/fips140/ecdsa	181	170	6	28	181	170	6	28	181	170	6	28
crypto/internal/fips140/ed25519	100	42	8	7	100	42	8	7	100	42	8	7
crypto/internal/fips140/edwards25519	138	29	39	2	138	29	39	2	138	29	39	2
crypto/internal/fips140/edwards25519/field	44	4	19	1	44	4	19	1	44	4	19	1
crypto/internal/fips140/hkdf	5	23	0	0	5	23	0	0	5	23	0	0
crypto/internal/fips140/hmac	31	54	7	0	31	54	7	0	31	54	7	0
crypto/internal/fips140/mlkem	131	48	22	4	131	48	22	4	131	48	22	4
crypto/internal/fips140/nistec	582	71	48	13	582	71	48	13	582	71	48	13
crypto/internal/fips140/nistec/fiat	198	8	40	4	198	8	40	4	198	8	40	4
crypto/internal/fips140/pbkdf2	5	7	0	1	5	7	0	1	5	7	0	1
crypto/internal/fips140/rsa	178	140	34	7	178	140	34	7	178	140	34	7
crypto/internal/fips140/sha256	29	8	4	0	29	8	4	0	29	8	4	0
crypto/internal/fips140/sha3	54	30	7	2	54	30	7	2	54	30	7	2
crypto/internal/fips140/sha512	30	13	3	0	30	13	3	0	30	13	3	0
crypto/internal/fips140/ssh	0	6	0	0	0	6	0	0	0	6	0	0
crypto/internal/fips140/subtle	10	3	0	0	10	3	0	0	10	3	0	0
crypto/internal/fips140/tls12	5	6	0	0	5	6	0	0	5	6	0	0
crypto/internal/fips140/tls13	8	17	23	0	8	17	23	0	8	17	23	0
crypto/internal/fips140deps/byteorder	8	0	3	0	8	0	3	0	8	0	3	0
crypto/internal/fips140deps/godebug	0	2	3	0	0	2	3	0	0	2	3	0
crypto/internal/fips140hash	0	4	1	0	0	4	1	0	0	4	1	0
crypto/internal/fips140only	2	1	0	0	2	1	0	0	2	1	0	0
crypto/internal/hpke	25	27	21	1	25	27	21	1	25	27	21	1
crypto/internal/impl	6	3	3	0	6	3	3	0	6	3	3	0
crypto/internal/randutil	0	0	1	1	0	0	1	1	0	0	1	1
crypto/internal/sysrand	3	3	1	0	4	5	0	0	4	3	0	0
crypto/internal/sysrand/internal/seccomp	0	1	0	0	1	1	0	0	0	1	0	0
crypto/md5	17	10	4	0	17	10	4	0	17	10	4	0
crypto/mlkem	16	18	0	4	16	18	0	4	16	18	0	4
crypto/rand	5	12	2	0	5	12	2	0	5	12	2	0
crypto/rc4	5	4	0	1	5	4	0	1	5	4	0	1
crypto/rsa	42	84	39	0	42	84	39	0	42	84	39	0
crypto/sha1	23	12	5	0	23	12	5	0	23	12	5	0
crypto/sha256	4	4	0	0	4	4	0	0	4	4	0	0
crypto/sha3	48	28	6	0	48	28	6	0	48	28	6	0
crypto/sha512	8	8	0	0	8	8	0	0	8	8	0	0
crypto/subtle	9	1	0	0	9	1	0	0	9	1	0	0
crypto/tls	653	1204	569	17	653	1201	569	17	653	1204	569	17
crypto/x509	318	629	201	30	312	614	196	30	310	621	195	30
crypto/x509/internal/macos	0	0	0	0	0	0	0	0	6	16	0	0
crypto/x509/pkix	10	9	9	0	10	9	9	0	10	9	9	0
database/sql	91	158	322	7	91	158	322	7	91	158	322	7
database/sql/driver	18	37	9	0	18	37	9	0	18	37	9	0
debug/buildinfo	37	20	15	1	37	20	15	1	37	20	15	1
debug/dwarf	49	258	106	2	49	258	106	2	49	258	106	2
debug/elf	26	139	77	2	26	139	77	2	26	139	77	2
debug/gosym	39	57	54	1	39	57	54	1	39	57	54	1
debug/macho	23	87	26	2	23	87	26	2	23	87	26	2
debug/pe	51	102	17	4	51	102	17	4	51	102	17	4
debug/plan9obj	12	21	11	1	12	21	11	1	12	21	11	1
embed	13	15	20	0	13	15	20	0	13	15	20	0
encoding/ascii85	6	5	5	0	6	5	5	0	6	5	5	0
encoding/asn1	57	200	46	0	63	200	40	0	63	200	40	0
encoding/base32	24	32	13	1	24	32	13	1	24	32	13	1
encoding/base64	23	37	11	4	23	37	11	4	23	37	11	4
encoding/binary	41	34	43	0	41	34	43	0	41	34	43	0
encoding/csv	10	19	15	0	10	19	15	0	10	19	15	0
encoding/gob	379	350	367	5	379	350	367	5	379	350	367	5
encoding/hex	14	17	9	1	14	17	9	1	14	17	9	1
encoding/json	155	262	122	6	155	262	122	6	155	262	122	6
encoding/pem	15	16	9	2	15	16	9	2	15	16	9	2
encoding/xml	64	212	142	6	64	212	142	6	64	212	142	6
errors	0	9	16	0	0	9	16	0	0	9	16	0
expvar	31	23	37	0	31	23	37	0	31	23	37	0
flag	80	77	181	1	80	77	181	1	80	77	181	1
fmt	83	144	126	3	83	144	126	3	83	144	126	3
go/ast	138	92	150	5	138	92	150	5	138	92	150	5
go/build	100	138	81	3	99	139	82	3	99	139	82	3
go/build/constraint	18	40	37	0	18	40	37	0	18	40	37	0
go/constant	62	151	58	0	62	151	58	0	62	151	58	0
go/doc	91	132	120	14	91	132	120	14	91	132	120	14
go/doc/comment	87	64	48	4	87	64	48	4	87	64	48	4
go/format	3	14	12	3	3	14	12	3	3	14	12	3
go/importer	2	11	13	0	2	11	13	0	2	11	13	0
go/internal/gccgoimporter	74	132	126	5	74	132	126	5	74	132	126	5
go/internal/gcimporter	17	67	55	2	17	67	55	2	17	67	55	2
go/internal/srcimporter	15	14	19	4	14	14	20	4	14	14	20	4
go/parser	173	483	172	3	173	483	172	3	173	483	172	3
go/printer	253	296	123	7	253	296	123	7	253	296	123	7
go/scanner	28	32	33	0	28	32	33	0	28	32	33	0
go/token	26	26	33	1	26	26	33	1	26	26	33	1
go/types	940	1109	1182	79	940	1109	1182	79	940	1109	1182	79
go/version	3	1	2	0	3	1	2	0	3	1	2	0
hash/adler32	14	4	2	0	14	4	2	0	14	4	2	0
hash/crc32	30	26	8	9	30	26	8	9	30	26	8	9
hash/crc64	22	9	3	7	22	9	3	7	22	9	3	7
hash/fnv	70	18	12	6	70	18	12	6	70	18	12	6
hash/maphash	20	4	1	0	20	4	1	0	20	4	1	0
html	8	8	2	6	8	8	2	6	8	8	2	6
html/template	102	225	192	4	102	225	192	4	102	225	192	4
image	110	77	44	0	110	77	44	0	110	77	44	0
image/color	1	18	17	0	1	18	17	0	1	18	17	0
image/draw	34	4	18	2	34	4	18	2	34	4	18	2
image/gif	34	40	36	5	34	40	36	5	34	40	36	5
image/internal/imageutil	2	0	0	0	2	0	0	0	2	0	0	0
image/jpeg	38	64	41	4	38	64	41	4	38	64	41	4
image/png	15	61	34	2	15	61	34	2	15	61	34	2
index/suffixarray	184	21	27	0	184	21	27	0	184	21	27	0
internal/abi	42	7	25	0	42	7	25	0	42	7	25	0
internal/asan	2	0	0	0	2	0	0	0	2	0	0	0
internal/bisect	19	29	15	2	19	29	15	2	19	29	15	2
internal/buildcfg	23	37	6	0	23	37	6	0	23	37	6	0
internal/bytealg	26	0	8	0	26	0	8	0	26	0	8	0
internal/byteorder	12	0	6	0	12	0	6	0	12	0	6	0
internal/chacha8rand	8	3	7	0	8	3	7	0	8	3	7	0
internal/coverage	2	0	0	0	2	0	0	0	2	0	0	0
internal/coverage/calloc	0	1	1	0	0	1	1	0	0	1	1	0
internal/coverage/cfile	66	71	29	1	64	73	29	1	64	73	29	1
internal/coverage/cformat	15	35	11	0	15	35	11	0	15	35	11	0
internal/coverage/cmerge	12	8	1	0	12	8	1	0	12	8	1	0
internal/coverage/decodecounter	11	21	11	1	11	21	11	1	11	21	11	1
internal/coverage/decodemeta	16	35	16	2	16	35	16	2	16	35	16	2
internal/coverage/encodecounter	15	31	18	0	15	31	18	0	15	31	18	0
internal/coverage/encodemeta	19	42	24	2	19	42	24	2	19	42	24	2
internal/coverage/pods	11	7	8	0	11	7	8	0	11	7	8	0
internal/coverage/rtcov	0	1	2	0	0	1	2	0	0	1	2	0
internal/coverage/slicereader	12	8	3	1	12	8	3	1	12	8	3	1
internal/coverage/slicewriter	8	8	2	0	8	8	2	0	8	8	2	0
internal/coverage/stringtab	8	7	8	0	8	7	8	0	8	7	8	0
internal/coverage/uleb128	0	0	1	0	0	0	1	0	0	0	1	0
internal/cpu	8	2	1	0	8	2	1	0	8	2	1	0
internal/dag	30	42	13	0	30	42	13	0	30	42	13	0
internal/diff	10	17	4	1	10	17	4	1	10	17	4	1
internal/exportdata	21	26	8	5	21	26	8	5	21	26	8	5
internal/filepathlite	24	14	20	0	13	13	14	0	13	13	14	0
internal/fmtsort	4	14	5	0	4	14	5	0	4	14	5	0
internal/fuzz	171	256	136	17	180	250	136	13	180	250	136	13
internal/godebug	8	13	18	0	8	13	18	0	8	13	18	0
internal/godebugs	1	0	0	0	1	0	0	0	1	0	0	0
internal/goroot	14	4	2	0	10	7	4	0	10	7	4	0
internal/gover	8	2	6	0	8	2	6	0	8	2	6	0
internal/itoa	1	4	0	0	1	4	0	0	1	4	0	0
internal/lazyregexp	11	1	18	0	11	1	18	0	11	1	18	0
internal/lazytemplate	3	6	7	0	3	6	7	0	3	6	7	0
internal/msan	6	0	0	0	6	0	0	0	6	0	0	0
internal/obscuretestdata	1	5	2	0	1	5	2	0	1	5	2	0
internal/pkgbits	53	96	68	4	53	96	68	4	53	96	68	4
internal/platform	31	2	0	0	31	2	0	0	31	2	0	0
internal/poll	121	115	96	6	152	102	76	5	133	90	67	0
internal/profile	202	185	117	6	202	185	117	6	202	185	117	6
internal/profilerecord	2	0	0	0	2	0	0	0	2	0	0	0
internal/race	13	0	0	0	13	0	0	0	13	0	0	0
internal/reflectlite	45	49	33	0	45	49	33	0	45	49	33	0
internal/runtime/atomic	88	1	22	0	88	1	22	0	88	1	22	0
internal/runtime/exithook	1	0	2	0	1	0	2	0	1	0	2	0
internal/runtime/maps	53	15	134	0	53	15	134	0	53	15	134	0
internal/runtime/syscall	0	0	0	0	2	0	0	0	0	0	0	0
internal/saferio	0	4	2	0	0	4	2	0	0	4	2	0
internal/singleflight	4	5	8	0	4	5	8	0	4	5	8	0
internal/stringslite	13	1	6	0	13	1	6	0	13	1	6	0
internal/sync	265	758	6	0	293	838	6	0	279	798	6	0
internal/synctest	0	1	4	0	0	1	4	0	0	1	4	0
internal/syscall/execenv	1	0	0	0	1	0	0	0	1	0	0	0
internal/syscall/unix	0	0	0	0	34	14	1	0	57	14	10	1
internal/syscall/windows	141	84	2	14	0	0	0	0	0	0	0	0
internal/syscall/windows/registry	63	24	1	1	0	0	0	0	0	0	0	0
internal/syscall/windows/sysdll	0	1	1	0	0	0	0	0	0	0	0	0
internal/sysinfo	0	3	0	5	1	7	1	5	0	3	0	5
internal/syslist	0	3	0	0	0	3	0	0	0	3	0	0
internal/testenv	26	111	37	39	26	107	37	40	26	109	37	40
internal/testlog	0	1	3	1	0	1	3	1	0	1	3	1
internal/testpty	1	3	4	0	1	6	4	0	1	7	4	0
internal/trace	364	458	136	14	364	458	136	14	364	458	136	14
internal/trace/event	0	1	1	0	0	1	1	0	0	1	1	0
internal/trace/event/go122	1	1	0	0	1	1	0	0	1	1	0	0
internal/trace/internal/oldtrace	82	108	23	1	82	108	23	1	82	108	23	1
internal/trace/internal/testgen/go122	19	37	24	1	19	37	24	1	19	37	24	1
internal/trace/raw	26	46	18	0	26	46	18	0	26	46	18	0
internal/trace/testtrace	63	97	14	1	63	97	14	1	63	97	14	1
internal/trace/traceviewer	88	116	54	7	87	117	54	7	87	117	54	7
internal/trace/version	3	3	2	1	3	3	2	1	3	3	2	1
internal/txtar	5	7	7	1	5	7	7	1	5	7	7	1
internal/types/errors	0	1	0	0	0	1	0	0	0	1	0	0
internal/xcoff	48	71	16	1	48	71	16	1	48	71	16	1
internal/zstd	57	167	34	0	57	167	34	0	57	167	34	0
io	9	20	73	1	9	20	73	1	9	20	73	1
io/fs	13	21	50	0	13	21	50	0	13	21	50	0
io/ioutil	2	2	11	0	3	2	10	0	3	2	10	0
iter	0	1	0	0	0	1	0	0	0	1	0	0
log	22	11	107	3	23	11	106	3	23	11	106	3
log/slog	80	155	210	6	83	155	207	6	83	155	207	6
log/slog/internal/benchmarks	8	11	7	0	8	11	7	0	8	11	7	0
log/slog/internal/buffer	6	2	4	1	6	2	4	1	6	2	4	1
log/slog/internal/slogtest	1	0	1	0	1	0	1	0	1	0	1	0
log/syslog	0	0	0	0	5	19	33	0	5	19	33	0
maps	13	24	1	0	13	24	1	0	13	24	1	0
math	0	27	0	0	0	27	0	0	0	27	0	0
math/big	415	421	293	1	415	421	293	1	415	421	293	1
math/cmplx	0	1	0	0	0	1	0	0	0	1	0	0
math/rand	20	16	27	3	20	16	27	3	20	16	27	3
math/rand/v2	24	22	32	0	24	22	32	0	24	22	32	0
mime	37	79	31	3	40	84	33	3	40	84	33	3
mime/multipart	55	49	37	3	55	49	37	3	55	49	37	3
mime/quotedprintable	17	7	11	0	17	7	11	0	17	7	11	0
net	471	712	678	23	526	721	659	34	526	718	638	31
net/http	919	1475	1244	38	922	1476	1240	38	922	1476	1240	38
net/http/cgi	31	85	23	0	31	85	23	0	31	85	23	0
net/http/cookiejar	18	17	29	0	18	17	29	0	18	17	29	0
net/http/fcgi	21	59	35	1	21	56	35	1	21	56	35	1
net/http/httptest	23	90	29	1	23	90	29	1	23	90	29	1
net/http/httptrace	1	12	9	0	1	12	9	0	1	12	9	0
net/http/httputil	63	104	75	6	63	104	75	6	63	104	75	6
net/http/internal	3	12	12	0	3	12	12	0	3	12	12	0
net/http/internal/ascii	4	0	1	0	4	0	1	0	4	0	1	0
net/http/internal/testcert	0	1	1	0	0	1	1	0	0	1	1	0
net/http/pprof	21	48	27	3	21	48	27	3	21	48	27	3
net/internal/socktest	24	33	17	2	19	36	17	2	19	34	16	2
net/mail	45	73	29	0	45	73	29	0	45	73	29	0
net/netip	101	87	40	2	101	87	40	2	101	87	40	2
net/rpc	49	94	104	1	49	94	104	1	49	94	104	1
net/rpc/jsonrpc	5	19	20	1	5	19	20	1	5	19	20	1
net/smtp	21	35	41	0	21	35	41	0	21	35	41	0
net/textproto	27	52	51	0	27	52	51	0	27	52	51	0
net/url	32	71	52	2	32	71	52	2	32	71	52	2
os	149	220	216	7	219	240	224	17	199	216	221	7
os/exec	29	54	47	2	26	48	43	2	26	48	43	2
os/exec/internal/fdtest	0	1	0	0	1	0	0	0	1	0	0	0
os/signal	13	8	7	0	13	8	7	0	13	8	7	0
os/user	40	20	11	1	28	29	32	10	44	29	16	1
path	7	11	11	0	7	11	11	0	7	11	11	0
path/filepath	25	23	39	0	20	14	39	0	20	14	39	0
plugin	6	4	0	0	9	21	1	2	6	4	0	0
reflect	378	569	229	18	378	569	229	18	378	569	229	18
regexp	111	83	146	2	111	83	146	2	111	83	146	2
regexp/syntax	74	130	103	1	74	130	103	1	74	130	103	1
runtime	1618	355	752	0	1624	346	777	0	1644	344	750	0
runtime/cgo	0	0	0	0	2	4	3	0	0	0	0	0
runtime/coverage	0	0	4	0	0	0	4	0	0	0	4	0
runtime/debug	17	33	6	0	16	33	7	0	16	33	7	0
runtime/metrics	3	6	2	0	3	6	2	0	3	6	2	0
runtime/pprof	99	133	119	2	98	134	119	1	106	135	121	1
runtime/trace	3	10	19	0	3	10	19	0	3	10	19	0
slices	1	73	0	66	1	73	0	66	1	73	0	66
sort	53	4	27	0	53	4	27	0	53	4	27	0
strconv	75	98	34	0	75	98	34	0	75	98	34	0
strings	120	86	96	11	120	86	96	11	120	86	96	11
sync	65	59	65	115	62	59	65	115	56	51	65	95
sync/atomic	75	7	15	0	75	7	15	0	75	7	15	0
syscall	420	242	43	2	316	263	31	10	249	215	27	12
testing	274	351	181	13	276	352	180	13	275	351	180	13
testing/fstest	80	141	69	0	80	141	69	0	80	141	69	0
testing/internal/testdeps	2	7	26	1	2	7	26	1	2	7	26	1
testing/iotest	47	84	28	0	47	84	28	0	47	84	28	0
testing/quick	6	25	22	1	6	25	22	1	6	25	22	1
testing/slogtest	133	252	62	1	133	252	62	1	133	252	62	1
text/scanner	12	15	21	0	12	15	21	0	12	15	21	0
text/tabwriter	14	7	21	0	14	7	21	0	14	7	21	0
text/template	123	230	218	10	123	230	218	10	123	230	218	10
text/template/parse	93	186	239	10	93	186	239	10	93	186	239	10
time	133	136	103	1	154	126	73	1	154	126	73	1
time/tzdata	3	4	0	0	3	4	0	0	3	4	0	0
unicode	11	5	1	0	11	5	1	0	11	5	1	0
unicode/utf16	3	2	2	0	3	2	2	0	3	2	2	0
unicode/utf8	13	0	2	0	13	0	2	0	13	0	2	0
unique	3	7	3	0	3	7	3	0	3	7	3	0
vendor/golang.org/x/crypto/chacha20	22	11	2	0	22	11	2	0	22	11	2	0
vendor/golang.org/x/crypto/chacha20poly1305	60	26	10	0	60	26	10	0	60	26	10	0
vendor/golang.org/x/crypto/cryptobyte	113	122	91	0	113	122	91	0	113	122	91	0
vendor/golang.org/x/crypto/internal/alias	4	0	0	0	4	0	0	0	4	0	0	0
vendor/golang.org/x/crypto/internal/poly1305	35	8	1	0	35	8	1	0	35	8	1	0
vendor/golang.org/x/net/dns/dnsmessage	200	147	47	11	200	147	47	11	200	147	47	11
vendor/golang.org/x/net/http/httpguts	11	3	2	0	11	3	2	0	11	3	2	0
vendor/golang.org/x/net/http/httpproxy	21	16	11	3	21	16	11	3	21	16	11	3
vendor/golang.org/x/net/http2/hpack	38	49	39	1	38	49	39	1	38	49	39	1
vendor/golang.org/x/net/idna	50	50	24	1	50	50	24	1	50	50	24	1
vendor/golang.org/x/net/nettest	49	82	59	13	50	82	59	13	50	82	59	13
vendor/golang.org/x/net/route	0	0	0	0	0	0	0	0	40	41	19	3
vendor/golang.org/x/sys/cpu	6	4	0	0	7	5	0	0	18	5	0	0
vendor/golang.org/x/text/secure/bidirule	16	1	0	0	16	1	0	0	16	1	0	0
vendor/golang.org/x/text/transform	13	20	28	1	13	20	28	1	13	20	28	1
vendor/golang.org/x/text/unicode/bidi	113	40	19	0	113	40	19	0	113	40	19	0
vendor/golang.org/x/text/unicode/norm	73	29	76	8	73	29	76	8	73	29	76	8
